aengr.ForwardingClass,containingPolicyDisplayedName
aengr.ForwardingClass,containingPolicyId
aengr.ForwardingClass,deploymentState
aengr.ForwardingClass,description
aengr.ForwardingClass,displayedName
aengr.ForwardingClass,forwardingClass
aengr.ForwardingClass,id
aengr.ForwardingClass,inDscp
aengr.ForwardingClass,inPrecedence
aengr.ForwardingClass,isLocal
aengr.ForwardingClass,name
aengr.ForwardingClass,objectFullName
aengr.ForwardingClass,outDscp
aengr.ForwardingClass,outPrecedence
aengr.ForwardingClass,policyType
aengr.ForwardingClass,queueId
aengr.ForwardingClass,selfAlarmed
aengr.ForwardingClass,siteId
aengr.ForwardingClass,siteName
aengr.Policy,configurationAction
aengr.Policy,deploymentState
aengr.Policy,description
aengr.Policy,displayedName
aengr.Policy,globalPolicy
aengr.Policy,id
aengr.Policy,isLocal
aengr.Policy,matchCriteria
aengr.Policy,name
aengr.Policy,numberOfIpMatches
aengr.Policy,numberOfUnderlyingPolicyItems
aengr.Policy,objectFullName
aengr.Policy,policyType
aengr.Policy,siteId
aengr.Policy,siteName
aengr.Queue,cir
aengr.Queue,cirAdaptation
aengr.Queue,cirLevel
aengr.Queue,cirWeight
aengr.Queue,committedBurstSize
aengr.Queue,containingPolicyDisplayedName
aengr.Queue,containingPolicyId
aengr.Queue,deploymentState
aengr.Queue,description
aengr.Queue,displayedName
aengr.Queue,expedite
aengr.Queue,highPriorityReserved
aengr.Queue,id
aengr.Queue,isLocal
aengr.Queue,level
aengr.Queue,maximumBurstSize
aengr.Queue,name
aengr.Queue,objectFullName
aengr.Queue,pir
aengr.Queue,pirAdaptation
aengr.Queue,policyType
aengr.Queue,scheduler
aengr.Queue,selfAlarmed
aengr.Queue,siteId
aengr.Queue,siteName
aengr.Queue,weight
aengr.Queue,displayedName
aingr.ForwardingClass,broadcastQueueId
aingr.ForwardingClass,containingPolicyDisplayedName
aingr.ForwardingClass,containingPolicyId
aingr.ForwardingClass,deploymentState
aingr.ForwardingClass,description
aingr.ForwardingClass,displayedName
aingr.ForwardingClass,forwardingClass
aingr.ForwardingClass,id
aingr.ForwardingClass,inDscp
aingr.ForwardingClass,inPrecedence
aingr.ForwardingClass,inRemark
aingr.ForwardingClass,isGhost
aingr.ForwardingClass,isLocal
aingr.ForwardingClass,multicastQueueId
aingr.ForwardingClass,name
aingr.ForwardingClass,objectFullName
aingr.ForwardingClass,outDscp
aingr.ForwardingClass,outPrecedence
aingr.ForwardingClass,outRemark
aingr.ForwardingClass,policyType
aingr.ForwardingClass,profile
aingr.ForwardingClass,queueId
aingr.ForwardingClass,selfAlarmed
aingr.ForwardingClass,siteId
aingr.ForwardingClass,siteName
aingr.ForwardingClass,unknownQueueId
aingr.Policy,configurationAction
aingr.Policy,defaultFc
aingr.Policy,defaultFcPriority
aingr.Policy,defaultFullFc
aingr.Policy,defaultSubFc
aingr.Policy,deploymentState
aingr.Policy,description
aingr.Policy,displayedName
aingr.Policy,globalPolicy
aingr.Policy,id
aingr.Policy,isLocal
aingr.Policy,matchCriteria
aingr.Policy,name
aingr.Policy,numberMulticastClasses
aingr.Policy,numberOfForwardingSubClasses
aingr.Policy,numberOfIpMatches
aingr.Policy,numberOfMacMatches
aingr.Policy,numberOfQueues
aingr.Policy,numberOfUnderlyingPolicyItems
aingr.Policy,objectFullName
aingr.Policy,policyType
aingr.Policy,siteId
aingr.Policy,siteName
aingr.Queue,cir
aingr.Queue,cirAdaptation
aingr.Queue,cirLevel
aingr.Queue,cirWeight
aingr.Queue,committedBurstSize
aingr.Queue,containingPolicyDisplayedName
aingr.Queue,containingPolicyId
aingr.Queue,deploymentState
aingr.Queue,description
aingr.Queue,displayedName
aingr.Queue,expedite
aingr.Queue,highPriorityReserved
aingr.Queue,id
aingr.Queue,isLocal
aingr.Queue,level
aingr.Queue,maximumBurstSize
aingr.Queue,mode
aingr.Queue,multicast
aingr.Queue,multipoint
aingr.Queue,name
aingr.Queue,objectFullName
aingr.Queue,pir
aingr.Queue,pirAdaptation
aingr.Queue,policed
aingr.Queue,policyType
aingr.Queue,scheduler
aingr.Queue,selfAlarmed
aingr.Queue,siteId
aingr.Queue,siteName
aingr.Queue,weight
aingr.Queue,multicast
aingr.Queue,displayedName
aosqos.Policy,configurationAction
aosqos.Policy,configurationMode
aosqos.Policy,deploymentState
aosqos.Policy,description
aosqos.Policy,discoveryState
aosqos.Policy,displayedName
aosqos.Policy,distributionMode
aosqos.Policy,globalPolicy
aosqos.Policy,id
aosqos.Policy,isLocal
aosqos.Policy,name
aosqos.Policy,numberOfUnderlyingPolicyItems
aosqos.Policy,objectFullName
aosqos.Policy,origin
aosqos.Policy,policyType
aosqos.Policy,selfAlarmed
aosqos.Policy,siteId
aosqos.Policy,siteName
aosqos.Policy,templateObject
aosqos.QoSIngressPolicyStatsLogRecord,greenPacketsPeriodic
aosqos.QoSIngressPolicyStatsLogRecord,monitoredObjectPointer
aosqos.QoSIngressPolicyStatsLogRecord,monitoredObjectSiteId
aosqos.QoSIngressPolicyStatsLogRecord,monitoredObjectSiteName
aosqos.QoSIngressPolicyStatsLogRecord,nonGreenPacketsPeriodic
aosqos.QoSIngressPolicyStatsLogRecord,nonRedPacketsPeriodic
aosqos.QoSIngressPolicyStatsLogRecord,redPacketsPeriodic
aosqos.QoSIngressPolicyStatsLogRecord,timeCaptured
aosqos.QoSIngressPolicyStatsLogRecord,yellowPacketsPeriodic
epipe.Epipe,objectFullName
epipe.Epipe,serviceId
epipe.Epipe,compositeSvcId
equipment.AllocatedMemoryStatsLogRecord,allocatedMemory
equipment.AllocatedMemoryStatsLogRecord,monitoredObjectPointer
equipment.AllocatedMemoryStatsLogRecord,monitoredObjectSiteId
equipment.AllocatedMemoryStatsLogRecord,timeCaptured
equipment.AvailableMemoryStatsLogRecord,availableMemory
equipment.AvailableMemoryStatsLogRecord,monitoredObjectPointer
equipment.AvailableMemoryStatsLogRecord,monitoredObjectSiteId
equipment.AvailableMemoryStatsLogRecord,monitoredObjectSiteName
equipment.AvailableMemoryStatsLogRecord,timeCaptured
equipment.CardHealthStatsLogRecord,cpuLatest
equipment.CardHealthStatsLogRecord,memoryLatest
equipment.CardHealthStatsLogRecord,monitoredObjectPointer
equipment.CardHealthStatsLogRecord,monitoredObjectSiteId
equipment.CardHealthStatsLogRecord,monitoredObjectSiteName
equipment.CardHealthStatsLogRecord,timeCaptured
equipment.CardSlot,administrativeState
equipment.CardSlot,baseMacAddress
equipment.CardSlot,cleiCode
equipment.CardSlot,compositeEquipmentState
equipment.CardSlot,containingEquipmentState
equipment.CardSlot,deploymentState
equipment.CardSlot,displayedName
equipment.CardSlot,equipmentCategory
equipment.CardSlot,equipmentState
equipment.CardSlot,hardwareFailureReason
equipment.CardSlot,hwIndex
equipment.CardSlot,hwName
equipment.CardSlot,isEquipped
equipment.CardSlot,manufactureDate
equipment.CardSlot,manufacturer
equipment.CardSlot,manufacturerBoardNumber
equipment.CardSlot,name
equipment.CardSlot,objectFullName
equipment.CardSlot,olcState
equipment.CardSlot,operationalState
equipment.CardSlot,replaceableUnitMismatch
equipment.CardSlot,selfAlarmed
equipment.CardSlot,serialNumber
equipment.CardSlot,shelfId
equipment.CardSlot,shelfType
equipment.CardSlot,siteId
equipment.CardSlot,siteName
equipment.CardSlot,slotId
equipment.InterfaceAdditionalStatsLogRecord,monitoredObjectPointer
equipment.InterfaceAdditionalStatsLogRecord,monitoredObjectSiteId
equipment.InterfaceAdditionalStatsLogRecord,monitoredObjectSiteName
equipment.InterfaceAdditionalStatsLogRecord,receivedBroadcastPacketsPeriodic
equipment.InterfaceAdditionalStatsLogRecord,receivedMulticastPacketsPeriodic
equipment.InterfaceAdditionalStatsLogRecord,receivedTotalOctetsPeriodic
equipment.InterfaceAdditionalStatsLogRecord,receivedUnicastPacketsPeriodic
equipment.InterfaceAdditionalStatsLogRecord,suspect
equipment.InterfaceAdditionalStatsLogRecord,timeCaptured
equipment.InterfaceAdditionalStatsLogRecord,transmittedBroadcastPacketsPeriodic
equipment.InterfaceAdditionalStatsLogRecord,transmittedMulticastPacketsPeriodic
equipment.InterfaceAdditionalStatsLogRecord,transmittedTotalOctetsPeriodic
equipment.InterfaceAdditionalStatsLogRecord,transmittedUnicastPacketsPeriodic
equipment.InterfaceAdditionalStatsLogRecord,periodicTime
equipment.InterfaceStatsLogRecord,monitoredObjectPointer
equipment.InterfaceStatsLogRecord,monitoredObjectSiteId
equipment.InterfaceStatsLogRecord,monitoredObjectSiteName
equipment.InterfaceStatsLogRecord,outboundBadPacketsPeriodic
equipment.InterfaceStatsLogRecord,outboundPacketsDiscardedPeriodic
equipment.InterfaceStatsLogRecord,receivedBadPacketsPeriodic
equipment.InterfaceStatsLogRecord,receivedOctetsPeriodic
equipment.InterfaceStatsLogRecord,receivedPacketsDiscardedPeriodic
equipment.InterfaceStatsLogRecord,receivedUnicastPacketsPeriodic
equipment.InterfaceStatsLogRecord,receivedUnknownProtocolPacketsPeriodic
equipment.InterfaceStatsLogRecord,suspect
equipment.InterfaceStatsLogRecord,timeCaptured
equipment.InterfaceStatsLogRecord,transmittedOctetsPeriodic
equipment.InterfaceStatsLogRecord,transmittedUnicastPacketsPeriodic
equipment.InterfaceStatsLogRecord,periodicTime
equipment.MediaIndependentStatsLogRecord,dropEventsPeriodic
equipment.MediaIndependentStatsLogRecord,droppedFramesPeriodic
equipment.MediaIndependentStatsLogRecord,inputSpeed
equipment.MediaIndependentStatsLogRecord,monitoredObjectPointer
equipment.MediaIndependentStatsLogRecord,monitoredObjectSiteId
equipment.MediaIndependentStatsLogRecord,monitoredObjectSiteName
equipment.MediaIndependentStatsLogRecord,outputSpeed
equipment.MediaIndependentStatsLogRecord,receivedBadPacketsPeriodic
equipment.MediaIndependentStatsLogRecord,receivedNonUnicastPacketsPeriodic
equipment.MediaIndependentStatsLogRecord,receivedOctetsPeriodic
equipment.MediaIndependentStatsLogRecord,receivedPacketsPeriodic
equipment.MediaIndependentStatsLogRecord,timeCaptured
equipment.MediaIndependentStatsLogRecord,transmittedBadPacketsPeriodic
equipment.MediaIndependentStatsLogRecord,transmittedNonUnicastPacketsPeriodic
equipment.MediaIndependentStatsLogRecord,transmittedOctetsPeriodic
equipment.MediaIndependentStatsLogRecord,transmittedPacketsPeriodic
equipment.PhysicalPort,accountingPolicyId
equipment.PhysicalPort,actualSpeed
equipment.PhysicalPort,administrativeState
equipment.PhysicalPort,cardSlotId
equipment.PhysicalPort,collectStats
equipment.PhysicalPort,daughterCardSlotId
equipment.PhysicalPort,description
equipment.PhysicalPort,displayedName
equipment.PhysicalPort,encapType
equipment.PhysicalPort,equipmentState
equipment.PhysicalPort,isLinkUp
equipment.PhysicalPort,lagMembershipId
equipment.PhysicalPort,macAddress
equipment.PhysicalPort,mode
equipment.PhysicalPort,networkQueueObjectPointer
equipment.PhysicalPort,networkQueuePolicyCapable
equipment.PhysicalPort,networkQueuePolicyName
equipment.PhysicalPort,objectFullName
equipment.PhysicalPort,operationalState
equipment.PhysicalPort,portId
equipment.PhysicalPort,portName
equipment.PhysicalPort,shelfId
equipment.PhysicalPort,siteId
equipment.PhysicalPort,siteName
equipment.PhysicalPort,snmpPortId
equipment.PhysicalPort,speed
equipment.Shelf,administrativeState
equipment.Shelf,deviceState
equipment.Shelf,displayedName
equipment.Shelf,equipmentState
equipment.Shelf,numberOfCardSlots
equipment.Shelf,objectFullName
equipment.Shelf,operationalState
equipment.Shelf,shelfId
equipment.Shelf,shelfName
equipment.Shelf,shelfType
equipment.Shelf,siteId
equipment.Shelf,siteName
equipment.SystemCpuStatsLogRecord,monitoredObjectPointer
equipment.SystemCpuStatsLogRecord,monitoredObjectSiteId
equipment.SystemCpuStatsLogRecord,monitoredObjectSiteName
equipment.SystemCpuStatsLogRecord,systemCpuUsage
equipment.SystemCpuStatsLogRecord,timeCaptured
equipment.SystemMemoryStatsLogRecord,monitoredObjectPointer
equipment.SystemMemoryStatsLogRecord,monitoredObjectSiteId
equipment.SystemMemoryStatsLogRecord,monitoredObjectSiteName
equipment.SystemMemoryStatsLogRecord,systemMemoryUsage
equipment.SystemMemoryStatsLogRecord,timeCaptured
ethernetequipment.Dot3StatsLogRecord,alignmentErrorsPeriodic
ethernetequipment.Dot3StatsLogRecord,carrierSenseErrorsPeriodic
ethernetequipment.Dot3StatsLogRecord,deferredTransmissionsPeriodic
ethernetequipment.Dot3StatsLogRecord,excessiveCollisionsPeriodic
ethernetequipment.Dot3StatsLogRecord,fcsErrorsPeriodic
ethernetequipment.Dot3StatsLogRecord,frameTooLongsPeriodic
ethernetequipment.Dot3StatsLogRecord,internalMacReceiveErrorsPeriodic
ethernetequipment.Dot3StatsLogRecord,internalMacTransmitErrorsPeriodic
ethernetequipment.Dot3StatsLogRecord,lateCollisionsPeriodic
ethernetequipment.Dot3StatsLogRecord,monitoredObjectPointer
ethernetequipment.Dot3StatsLogRecord,monitoredObjectSiteId
ethernetequipment.Dot3StatsLogRecord,monitoredObjectSiteName
ethernetequipment.Dot3StatsLogRecord,multipleCollisionFramesPeriodic
ethernetequipment.Dot3StatsLogRecord,singleCollisionFramesPeriodic
ethernetequipment.Dot3StatsLogRecord,sqeTestErrorsPeriodic
ethernetequipment.Dot3StatsLogRecord,symbolErrorsPeriodic
ethernetequipment.Dot3StatsLogRecord,timeCaptured
ethernetoam.CfmEthTest,administrativeState
ethernetoam.CfmEthTest,deploymentState
ethernetoam.CfmEthTest,description
ethernetoam.CfmEthTest,displayedName
ethernetoam.CfmEthTest,maintenanceAssociationId
ethernetoam.CfmEthTest,maintenanceDomainId
ethernetoam.CfmEthTest,mepId
ethernetoam.CfmEthTest,objectFullName
ethernetoam.CfmEthTest,originatingMep
ethernetoam.CfmEthTest,originatingNode
ethernetoam.CfmEthTest,siteId
ethernetoam.CfmEthTest,siteName
ethernetoam.CfmEthTestResult,fromNodeId
ethernetoam.CfmEthTestResult,fromNodeName
ethernetoam.CfmEthTestResult,mepByteCount
ethernetoam.CfmEthTestResult,mepCrcFailures
ethernetoam.CfmEthTestResult,mepFailedBits
ethernetoam.CfmEthTestResult,mepFrameCount
ethernetoam.CfmEthTestResult,test
ethernetoam.CfmEthTestResult,timeCaptured
ethernetoam.CfmEthTestResult,scheduledTime
ethernetoam.CfmEthTest,siteId
ethernetoam.CfmLoopback,administrativeState
ethernetoam.CfmLoopback,deploymentState
ethernetoam.CfmLoopback,description
ethernetoam.CfmLoopback,displayedName
ethernetoam.CfmLoopback,forwardingClass
ethernetoam.CfmLoopback,fromNodeId
ethernetoam.CfmLoopback,fromNodeName
ethernetoam.CfmLoopback,mepId
ethernetoam.CfmLoopback,objectFullName
ethernetoam.CfmLoopback,originatingMep
ethernetoam.CfmLoopback,originatingNode
ethernetoam.CfmLoopback,siteId
ethernetoam.CfmLoopback,maintenanceAssociationId
ethernetoam.CfmLoopback,maintenanceDomainId
ethernetoam.CfmLoopback,mepTargetMacAddr
ethernetoam.CfmLoopback,testedObject
ethernetoam.CfmLoopbackResult,averageInboundOneWayTime
ethernetoam.CfmLoopbackResult,averageOneWayTime
ethernetoam.CfmLoopbackResult,averageRoundTripTime
ethernetoam.CfmLoopbackResult,fromNodeId
ethernetoam.CfmLoopbackResult,fromNodeName
ethernetoam.CfmLoopbackResult,inboundJitter
ethernetoam.CfmLoopbackResult,lossPercentage
ethernetoam.CfmLoopbackResult,outboundJitter
ethernetoam.CfmLoopbackResult,packetsLost
ethernetoam.CfmLoopbackResult,packetsSent
ethernetoam.CfmLoopbackResult,packetTimeouts
ethernetoam.CfmLoopbackResult,roundTripJitter
ethernetoam.CfmLoopbackResult,test
ethernetoam.CfmLoopbackResult,timeCaptured
ethernetoam.CfmLoopbackResult,scheduledTime
ethernetoam.CfmOneWayDelayTest,administrativeState
ethernetoam.CfmOneWayDelayTest,deploymentState
ethernetoam.CfmOneWayDelayTest,description
ethernetoam.CfmOneWayDelayTest,displayedName
ethernetoam.CfmOneWayDelayTest,maintenanceAssociationId
ethernetoam.CfmOneWayDelayTest,maintenanceDomainId
ethernetoam.CfmOneWayDelayTest,mepId
ethernetoam.CfmOneWayDelayTest,siteId
ethernetoam.CfmOneWayDelayTest,siteName
ethernetoam.CfmOneWayDelayTest,objectFullName
ethernetoam.CfmOneWayDelayTest,originatingMep
ethernetoam.CfmOneWayDelayTest,originatingNode
ethernetoam.CfmOneWayDelayTestResult,fromNodeId
ethernetoam.CfmOneWayDelayTestResult,fromNodeName
ethernetoam.CfmOneWayDelayTestResult,mepDelay
ethernetoam.CfmOneWayDelayTestResult,mepDelayVariation
ethernetoam.CfmOneWayDelayTestResult,test
ethernetoam.CfmOneWayDelayTestResult,timeCaptured
ethernetoam.CfmOneWayDelayTestResult,scheduledTime
ethernetoam.CfmSingleEndedLossTest,administrativeState
ethernetoam.CfmSingleEndedLossTest,deploymentState
ethernetoam.CfmSingleEndedLossTest,description
ethernetoam.CfmSingleEndedLossTest,displayedName
ethernetoam.CfmSingleEndedLossTest,maintenanceAssociationId
ethernetoam.CfmSingleEndedLossTest,maintenanceDomainId
ethernetoam.CfmSingleEndedLossTest,mepId
ethernetoam.CfmSingleEndedLossTest,objectFullName
ethernetoam.CfmSingleEndedLossTest,originatingMep
ethernetoam.CfmSingleEndedLossTest,originatingNode
ethernetoam.CfmSingleEndedLossTestResult,frameLossLocal
ethernetoam.CfmSingleEndedLossTestResult,frameLossPeer
ethernetoam.CfmSingleEndedLossTestResult,frameLossRatioLocal
ethernetoam.CfmSingleEndedLossTestResult,frameLossRatioPeer
ethernetoam.CfmSingleEndedLossTestResult,fromNodeId
ethernetoam.CfmSingleEndedLossTestResult,fromNodeName
ethernetoam.CfmSingleEndedLossTestResult,test
ethernetoam.CfmSingleEndedLossTestResult,timeCaptured
ethernetoam.CfmSingleEndedLossTestResult,scheduledTime
ethernetoam.CfmSingleEndedLossTest,siteId
ethernetoam.CfmSingleEndedLossTest,siteName
ethernetoam.CfmTwoWayDelayTest,administrativeState
ethernetoam.CfmTwoWayDelayTest,deploymentState
ethernetoam.CfmTwoWayDelayTest,description
ethernetoam.CfmTwoWayDelayTest,displayedName
ethernetoam.CfmTwoWayDelayTest,fromNodeId
ethernetoam.CfmTwoWayDelayTest,maintenanceAssociationId
ethernetoam.CfmTwoWayDelayTest,maintenanceDomainId
ethernetoam.CfmTwoWayDelayTest,mepId
ethernetoam.CfmTwoWayDelayTest,objectFullName
ethernetoam.CfmTwoWayDelayTest,originatingMep
ethernetoam.CfmTwoWayDelayTest,originatingNode
ethernetoam.CfmTwoWayDelayTest,siteId
ethernetoam.CfmTwoWayDelayTest,siteName
ethernetoam.CfmTwoWayDelayTest,forwardingClass
ethernetoam.CfmTwoWayDelayTest,mepTargetMacAddr
ethernetoam.CfmTwoWayDelayTest,testedObject
ethernetoam.CfmTwoWayDelayTestResult,averageInboundOneWayTime
ethernetoam.CfmTwoWayDelayTestResult,averageOneWayTime
ethernetoam.CfmTwoWayDelayTestResult,averageRoundTripTime
ethernetoam.CfmTwoWayDelayTestResult,fromNodeId
ethernetoam.CfmTwoWayDelayTestResult,fromNodeName
ethernetoam.CfmTwoWayDelayTestResult,inboundJitter
ethernetoam.CfmTwoWayDelayTestResult,lossPercentage
ethernetoam.CfmTwoWayDelayTestResult,mepDelay
ethernetoam.CfmTwoWayDelayTestResult,mepDelayVariation
ethernetoam.CfmTwoWayDelayTestResult,outboundJitter
ethernetoam.CfmTwoWayDelayTestResult,packetsLost
ethernetoam.CfmTwoWayDelayTestResult,packetsSent
ethernetoam.CfmTwoWayDelayTestResult,packetTimeouts
ethernetoam.CfmTwoWayDelayTestResult,roundTripJitter
ethernetoam.CfmTwoWayDelayTestResult,test
ethernetoam.CfmTwoWayDelayTestResult,timeCaptured
ethernetoam.CfmTwoWayDelayTestResult,scheduledTime
ethernetoam.Mep,maintAssocName
ethernetoam.Mep,maintenanceAssociationId
ethernetoam.Mep,maintenanceDomainId
ethernetoam.Mep,objectFullName
ethernetoam.Mep,operationalMacAddress
ethernetoam.Mep,sapOrBinding
ethernetoam.Mep,sapPointer
ethernetoam.Mep,sdpBindingPointer
ethernetoam.Mep,serviceId
ethernetoam.Mep,serviceType
ethernetoam.Mep,siteId
ethernetoam.Mep,siteName
icmp.IcmpPing,administrativeState
icmp.IcmpPing,deploymentState
icmp.IcmpPing,description
icmp.IcmpPing,displayedName
icmp.IcmpPing,egressIfIndex
icmp.IcmpPing,fromNodeId
icmp.IcmpPing,fromNodeName
icmp.IcmpPing,globalId
icmp.IcmpPing,id
icmp.IcmpPing,name
icmp.IcmpPing,neDeployedTest
icmp.IcmpPing,objectFullName
icmp.IcmpPing,originatingNode
icmp.IcmpPingResult,averageInboundOneWayTime
icmp.IcmpPingResult,averageOneWayTime
icmp.IcmpPingResult,averageRoundTripTime
icmp.IcmpPingResult,fromNodeId
icmp.IcmpPingResult,fromNodeName
icmp.IcmpPingResult,inboundJitter
icmp.IcmpPingResult,lossPercentage
icmp.IcmpPingResult,outboundJitter
icmp.IcmpPingResult,packetsLost
icmp.IcmpPingResult,packetsSent
icmp.IcmpPingResult,packetTimeouts
icmp.IcmpPingResult,roundTripJitter
icmp.IcmpPingResult,scheduledTime
icmp.IcmpPingResult,test
icmp.IcmpPingResult,timeCaptured
icmp.IcmpPing,sourceIpAddress
icmp.IcmpPing,sourceIpAddressType
icmp.IcmpPing,targetIpAddress
icmp.IcmpPing,targetIpAddressType
icmp.IcmpPing,testSuiteId
icmp.IcmpPing,testTargetType
icmp.IcmpPing,testType
icmp.IcmpPing,timeToLive
I:equipment.DigitalDiagnosticMonitoring,actualSpeed
I:equipment.DigitalDiagnosticMonitoring,administrativeState
I:equipment.DigitalDiagnosticMonitoring,cardSlotId
I:equipment.DigitalDiagnosticMonitoring,daughterCardSlotId
I:equipment.DigitalDiagnosticMonitoring,description
I:equipment.DigitalDiagnosticMonitoring,lagMembershipId
I:equipment.DigitalDiagnosticMonitoring,macAddress
I:equipment.DigitalDiagnosticMonitoring,objectFullName
I:equipment.DigitalDiagnosticMonitoring,operationalState
I:equipment.DigitalDiagnosticMonitoring,portId
I:equipment.DigitalDiagnosticMonitoring,portName
I:equipment.DigitalDiagnosticMonitoring,rxOpticalPower
I:equipment.DigitalDiagnosticMonitoring,shelfId
I:equipment.DigitalDiagnosticMonitoring,siteName
I:equipment.DigitalDiagnosticMonitoring,snmpPortId
I:equipment.DigitalDiagnosticMonitoring,speed
I:equipment.DigitalDiagnosticMonitoring,supplyVoltage
I:equipment.DigitalDiagnosticMonitoring,temperature
I:equipment.DigitalDiagnosticMonitoring,txBiasCurrent
I:equipment.DigitalDiagnosticMonitoring,txOutputPower
I:equipment.HwEnvironment,containingParentName
I:equipment.HwEnvironment,daughterCardSlotId
I:equipment.HwEnvironment,deploymentState
I:equipment.HwEnvironment,hwIndex
I:equipment.HwEnvironment,name
I:equipment.HwEnvironment,objectFullName
I:equipment.HwEnvironment,selfAlarmed
I:equipment.HwEnvironment,shelfId
I:equipment.HwEnvironment,siteId
I:equipment.HwEnvironment,siteName
I:equipment.HwEnvironment,slotId
I:equipment.HwEnvironment,temperature
I:equipment.HwEnvironment,temperatureInFahrenheit
I:equipment.HwEnvironment,temperatureThreshold
I:equipment.HwEnvironment,temperatureThresholdCrossed
I:equipment.HwEnvironment,temperatureThresholdInFahrenheit
ies.L3AccessInterface,innerEncapValue
ies.L3AccessInterface,outerEncapValue
ies.L3AccessInterface,administrativeState
ies.L3AccessInterface,description
ies.L3AccessInterface,displayedName
ies.L3AccessInterface,egressPolicyId
ies.L3AccessInterface,ingressPolicyId
ies.L3AccessInterface,nodeId
ies.L3AccessInterface,nodeName
ies.L3AccessInterface,objectFullName
ies.L3AccessInterface,operationalState
ies.L3AccessInterface,portId
ies.L3AccessInterface,portIdentifyingName
ies.L3AccessInterface,portName
ies.L3AccessInterface,sasIngressPolicyId
ies.L3AccessInterface,serviceId
ies.L3AccessInterface,serviceName
ies.L3AccessInterface,serviceType
ies.L3AccessInterface,subscriberId
ies.L3AccessInterface,subscriberName
ies.L3AccessInterface,accountingOn
ies.L3AccessInterface,encapType
ies.L3AccessInterface,accountingPolicyId
ies.ServiceAccessPoint,administrativeState
ies.ServiceAccessPoint,description
ies.ServiceAccessPoint,displayedName
ies.ServiceAccessPoint,nodeId
ies.ServiceAccessPoint,objectFullName
ies.ServiceAccessPoint,operationalState
ies.ServiceAccessPoint,portId
ies.ServiceAccessPoint,portIdentifyingName
ies.ServiceAccessPoint,portName
ies.ServiceAccessPoint,serviceId
ies.ServiceAccessPoint,serviceName
ies.ServiceAccessPoint,serviceType
ies.ServiceAccessPoint,subscriberId
ies.ServiceAccessPoint,subscriberName
ies.ServiceAccessPoint,terminatedObjectName
ies.ServiceAccessPoint,terminatedPortClassName
ies.ServiceAccessPoint,nodeName
ies.ServiceAccessPoint,portId
ipipe.L2AccessInterface,innerEncapValue
ipipe.L2AccessInterface,outerEncapValue
ipipe.L2AccessInterface,egressPolicyId
ipipe.L2AccessInterface,ingressPolicyId
ipipe.L2AccessInterface,sasIngressPolicyId
ipipe.L2AccessInterface,administrativeState
ipipe.L2AccessInterface,description
ipipe.L2AccessInterface,displayedName
ipipe.L2AccessInterface,nodeId
ipipe.L2AccessInterface,nodeName
ipipe.L2AccessInterface,objectFullName
ipipe.L2AccessInterface,operationalState
ipipe.L2AccessInterface,portId
ipipe.L2AccessInterface,portIdentifyingName
ipipe.L2AccessInterface,portName
ipipe.L2AccessInterface,serviceId
ipipe.L2AccessInterface,serviceName
ipipe.L2AccessInterface,serviceType
ipipe.L2AccessInterface,subscriberId
ipipe.L2AccessInterface,subscriberName
I:ppp.PppControlProtocol,controlProtocolType
I:ppp.PppControlProtocol,deploymentState
I:ppp.PppControlProtocol,lastClearedTime
I:ppp.PppControlProtocol,name
I:ppp.PppControlProtocol,objectFullName
I:ppp.PppControlProtocol,restartCount
I:ppp.PppControlProtocol,shelfId
I:ppp.PppControlProtocol,snmpPortId
I:ppp.PppControlProtocol,state
lag.Interface,accountingPolicyId
lag.Interface,accountingPolicyName
lag.Interface,administrativeState
lag.Interface,collectStats
lag.Interface,description
lag.Interface,displayedName
lag.Interface,encapType
lag.Interface,equipmentState
lag.Interface,hwMacAddress
lag.Interface,isLinkUp
lag.Interface,lagId
lag.Interface,macAddress
lag.Interface,name
lag.Interface,objectFullName
lag.Interface,operationalState
lag.Interface,portId
lag.Interface,portName
lag.Interface,primaryLagMemberId
lag.Interface,primaryLagMemberName
lag.Interface,shelfId
lag.Interface,siteId
lag.Interface,siteName
lag.Interface,snmpPortId
lag.Interface,state
M:equipment.DigitalDiagnosticMonitoring,objectFullName
M:equipment.DigitalDiagnosticMonitoring,rxOpticalPower
M:equipment.DigitalDiagnosticMonitoring,supplyVoltage
M:equipment.DigitalDiagnosticMonitoring,temperature
M:equipment.DigitalDiagnosticMonitoring,txBiasCurrent
M:equipment.DigitalDiagnosticMonitoring,txOutputPower
M:equipment.HwEnvironment,objectFullName
M:equipment.HwEnvironment,siteId
M:equipment.HwEnvironment,siteName
M:equipment.HwEnvironment,temperature
M:equipment.HwEnvironment,temperatureInFahrenheit
M:equipment.HwEnvironment,temperatureThreshold
M:equipment.HwEnvironment,temperatureThresholdInFahrenheit
mirror.L2AccessInterface,innerEncapValue
mirror.L2AccessInterface,outerEncapValue
mirror.L2AccessInterface,egressPolicyId
mirror.L2AccessInterface,ingressPolicyId
mirror.L2AccessInterface,sasIngressPolicyId
mirror.L2AccessInterface,administrativeState
mirror.L2AccessInterface,description
mirror.L2AccessInterface,displayedName
mirror.L2AccessInterface,nodeId
mirror.L2AccessInterface,nodeName
mirror.L2AccessInterface,objectFullName
mirror.L2AccessInterface,operationalState
mirror.L2AccessInterface,portId
mirror.L2AccessInterface,portIdentifyingName
mirror.L2AccessInterface,portName
mirror.L2AccessInterface,serviceId
mirror.L2AccessInterface,serviceName
mirror.L2AccessInterface,serviceType
mirror.L2AccessInterface,subscriberId
mirror.L2AccessInterface,subscriberName
mpls.Interface,administrativeState
mpls.Interface,ctpPointer
mpls.Interface,description
mpls.Interface,displayedName
mpls.Interface,encapType
mpls.Interface,nodeId
mpls.Interface,nodeName
mpls.Interface,objectFullName
mpls.Interface,operationalState
mpls.Interface,portId
mpls.Interface,portName
mpls.Interface,routerId
mpls.Interface,routerName
mpls.Interface,serviceId
mpls.Interface,serviceType
mpls.Interface,subscriberId
mpls.Interface,terminatedObjectName
mpls.Interface,terminatedPortClassName
mpls.LspPing,administrativeState
mpls.LspPing,deploymentState
mpls.LspPing,description
mpls.LspPing,displayedName
mpls.LspPing,forwardingClass
mpls.LspPing,fromNodeId
mpls.LspPing,globalId
mpls.LspPing,id
mpls.LspPing,lsp
mpls.LspPing,lspPath
mpls.LspPing,name
mpls.LspPing,objectFullName
mpls.LspPing,testTargetType
mpls.LspPing,testType
mpls.LspPingResult,averageInboundOneWayTime
mpls.LspPingResult,averageOneWayTime
mpls.LspPingResult,averageRoundTripTime
mpls.LspPingResult,fromNodeId
mpls.LspPingResult,fromNodeName
mpls.LspPingResult,inboundJitter
mpls.LspPingResult,lossPercentage
mpls.LspPingResult,outboundJitter
mpls.LspPingResult,packetsLost
mpls.LspPingResult,packetsSent
mpls.LspPingResult,packetTimeouts
mpls.LspPingResult,roundTripJitter
mpls.LspPingResult,scheduledTime
mpls.LspPingResult,test
mpls.LspPingResult,timeCaptured
mpls.MplsInterfaceStatsLogRecord,monitoredObjectPointer
mpls.MplsInterfaceStatsLogRecord,monitoredObjectSiteId
mpls.MplsInterfaceStatsLogRecord,receiveOctetsPeriodic
mpls.MplsInterfaceStatsLogRecord,receivePacketsPeriodic
mpls.MplsInterfaceStatsLogRecord,timeCaptured
mpls.MplsInterfaceStatsLogRecord,transmitOctetsPeriodic
mpls.MplsInterfaceStatsLogRecord,transmitPacketsPeriodic
mpls.Site,administrativeState
mpls.Site,objectFullName
mpls.Site,operationalState
mpls.Site,routerId
mpls.Site,serviceType
mpls.Site,siteId
mpls.Site,siteName
mpls.SiteStatsLogRecord,detourOriginatePeriodic
mpls.SiteStatsLogRecord,detourTerminatePeriodic
mpls.SiteStatsLogRecord,detourTransitPeriodic
mpls.SiteStatsLogRecord,dynamicOriginatePeriodic
mpls.SiteStatsLogRecord,dynamicTerminatePeriodic
mpls.SiteStatsLogRecord,dynamicTransitPeriodic
mpls.SiteStatsLogRecord,monitoredObjectPointer
mpls.SiteStatsLogRecord,monitoredObjectSiteId
mpls.SiteStatsLogRecord,monitoredObjectSiteName
mpls.SiteStatsLogRecord,staticOriginatePeriodic
mpls.SiteStatsLogRecord,staticTerminatePeriodic
mpls.SiteStatsLogRecord,staticTransitPeriodic
mpls.SiteStatsLogRecord,timeCaptured
M:ppp.PppControlProtocol,objectFullName
M:ppp.PppControlProtocol,restartCount
nqueue.Entry,cbs
nqueue.Entry,cir
nqueue.Entry,cirLevel
nqueue.Entry,cirWeight
nqueue.Entry,containingPolicyDisplayedName
nqueue.Entry,containingPolicyId
nqueue.Entry,deploymentState
nqueue.Entry,description
nqueue.Entry,displayedName
nqueue.Entry,expedite
nqueue.Entry,highPriority
nqueue.Entry,id
nqueue.Entry,isLocal
nqueue.Entry,level
nqueue.Entry,mbs
nqueue.Entry,multicast
nqueue.Entry,name
nqueue.Entry,objectFullName
nqueue.Entry,pir
nqueue.Entry,policyType
nqueue.Entry,queueParent
nqueue.Entry,siteId
nqueue.Entry,siteName
nqueue.Entry,weight
nqueue.ForwardingClass,containingPolicyDisplayedName
nqueue.ForwardingClass,containingPolicyId
nqueue.ForwardingClass,deploymentState
nqueue.ForwardingClass,description
nqueue.ForwardingClass,displayedName
nqueue.ForwardingClass,forwardingClass
nqueue.ForwardingClass,id
nqueue.ForwardingClass,isLocal
nqueue.ForwardingClass,multicastQueueId
nqueue.ForwardingClass,name
nqueue.ForwardingClass,objectFullName
nqueue.ForwardingClass,policyType
nqueue.ForwardingClass,queueId
nqueue.ForwardingClass,siteId
nqueue.ForwardingClass,siteName
nqueue.Policy,configurationAction
nqueue.Policy,configurationMode
nqueue.Policy,deploymentState
nqueue.Policy,description
nqueue.Policy,displayedName
nqueue.Policy,distributionMode
nqueue.Policy,globalPolicy
nqueue.Policy,id
nqueue.Policy,isLocal
nqueue.Policy,name
nqueue.Policy,numberMulticastQueues
nqueue.Policy,numberOfUnderlyingPolicyItems
nqueue.Policy,numberUnicastQueues
nqueue.Policy,objectFullName
nqueue.Policy,policyType
nqueue.Policy,selfAlarmed
nqueue.Policy,siteId
nqueue.Policy,siteName
ppp.Interface,nodeId
ppp.Interface,nodeName
ppp.Interface,objectFullName
ppp.Interface,portId
ppp.Interface,portName
ppp.Interface,shelfId
ppp.PppStatsLogRecord,keepaliveEchoReplyPacketsReceivedPeriodic
ppp.PppStatsLogRecord,keepaliveEchoRequestPacketsSentPeriodic
ppp.PppStatsLogRecord,keepaliveThresholdExceedsCountPeriodic
ppp.PppStatsLogRecord,lqmInRatePeriodic
ppp.PppStatsLogRecord,lqmLqrPacketsReceivedPeriodic
ppp.PppStatsLogRecord,lqmLqrPacketsSentPeriodic
ppp.PppStatsLogRecord,lqmOutRatePeriodic
ppp.PppStatsLogRecord,lqmThresholdExceedsCountPeriodic
ppp.PppStatsLogRecord,monitoredObjectPointer
ppp.PppStatsLogRecord,monitoredObjectSiteId
ppp.PppStatsLogRecord,monitoredObjectSiteName
ppp.PppStatsLogRecord,timeCaptured
rtr.RouteStatsLogRecord,bgpRoutes
rtr.RouteStatsLogRecord,isisRoutes
rtr.RouteStatsLogRecord,monitoredObjectPointer
rtr.RouteStatsLogRecord,monitoredObjectSiteId
rtr.RouteStatsLogRecord,monitoredObjectSiteName
rtr.RouteStatsLogRecord,timeCaptured
rtr.VirtualRouter,administrativeState
rtr.VirtualRouter,application
rtr.VirtualRouter,autonomousSystemNumber
rtr.VirtualRouter,bgpEnabled
rtr.VirtualRouter,confederationAutonomousSystemNumber
rtr.VirtualRouter,connectionId
rtr.VirtualRouter,deploymentState
rtr.VirtualRouter,displayedName
rtr.VirtualRouter,domain
rtr.VirtualRouter,igmpEnabled
rtr.VirtualRouter,isisEnabled
rtr.VirtualRouter,ldpEnabled
rtr.VirtualRouter,mldEnabled
rtr.VirtualRouter,mplsEnabled
rtr.VirtualRouter,msdpEnabled
rtr.VirtualRouter,name
rtr.VirtualRouter,objectFullName
rtr.VirtualRouter,operationalState
rtr.VirtualRouter,ospfEnabled
rtr.VirtualRouter,ospfv3Enabled
rtr.VirtualRouter,pimEnabled
rtr.VirtualRouter,ripEnabled
rtr.VirtualRouter,routerId
rtr.VirtualRouter,routerName
rtr.VirtualRouter,routingInstancePointer
rtr.VirtualRouter,routingInstanceType
rtr.VirtualRouter,rsvpEnabled
rtr.VirtualRouter,selfAlarmed
rtr.VirtualRouter,siteId
rtr.VirtualRouter,siteName
sasqos.AccessIngress,configurationAction
sasqos.AccessIngress,configurationMode
sasqos.AccessIngress,defaultFc
sasqos.AccessIngress,deploymentState
sasqos.AccessIngress,description
sasqos.AccessIngress,displayedName
sasqos.AccessIngress,distributionMode
sasqos.AccessIngressForwardingClass,broadcastQueueId
sasqos.AccessIngressForwardingClass,containingPolicyDisplayedName
sasqos.AccessIngressForwardingClass,containingPolicyId
sasqos.AccessIngressForwardingClass,deploymentState
sasqos.AccessIngressForwardingClass,description
sasqos.AccessIngressForwardingClass,displayedName
sasqos.AccessIngressForwardingClass,forwardingClass
sasqos.AccessIngressForwardingClass,globalPolicy
sasqos.AccessIngressForwardingClass,id
sasqos.AccessIngressForwardingClass,inDscp
sasqos.AccessIngressForwardingClass,inPrecedence
sasqos.AccessIngressForwardingClass,inRemark
sasqos.AccessIngressForwardingClass,isGhost
sasqos.AccessIngressForwardingClass,isLocal
sasqos.AccessIngressForwardingClass,multicastQueueId
sasqos.AccessIngressForwardingClass,name
sasqos.AccessIngressForwardingClass,objectFullName
sasqos.AccessIngressForwardingClass,outDscp
sasqos.AccessIngressForwardingClass,outPrecedence
sasqos.AccessIngressForwardingClass,outRemark
sasqos.AccessIngressForwardingClass,policyType
sasqos.AccessIngressForwardingClass,profile
sasqos.AccessIngressForwardingClass,queueId
sasqos.AccessIngressForwardingClass,selfAlarmed
sasqos.AccessIngressForwardingClass,siteId
sasqos.AccessIngressForwardingClass,siteName
sasqos.AccessIngressForwardingClass,unknownQueueId
sasqos.AccessIngress,globalPolicy
sasqos.AccessIngress,id
sasqos.AccessIngress,isLocal
sasqos.AccessIngress,matchCriteria
sasqos.AccessIngress,name
sasqos.AccessIngress,numberMulticastClasses
sasqos.AccessIngress,numberOfIpMatches
sasqos.AccessIngress,numberOfMacMatches
sasqos.AccessIngress,numberOfMeters
sasqos.AccessIngress,numberOfUnderlyingPolicyItems
sasqos.AccessIngress,objectFullName
sasqos.AccessIngress,policyType
sasqos.AccessIngress,scope
sasqos.AccessIngress,selfAlarmed
sasqos.AccessIngress,siteId
sasqos.AccessIngress,siteName
sasqos.AccessIngress,templateObject
sasqos.Meter,cbs
sasqos.Meter,cir
sasqos.Meter,cirAdaptation
sasqos.Meter,containingPolicyDisplayedName
sasqos.Meter,containingPolicyId
sasqos.Meter,deploymentState
sasqos.Meter,description
sasqos.Meter,displayedName
sasqos.Meter,id
sasqos.Meter,isLocal
sasqos.Meter,mbs
sasqos.Meter,mCast
sasqos.Meter,name
sasqos.Meter,objectFullName
sasqos.Meter,pir
sasqos.Meter,pirAdaptation
sasqos.Meter,policyType
sasqos.Meter,rateMode
sasqos.Meter,selfAlarmed
sasqos.Meter,siteId
sasqos.Meter,siteName
sasqos.PortAccessEgress,configurationAction
sasqos.PortAccessEgress,configurationMode
sasqos.PortAccessEgress,deploymentState
sasqos.PortAccessEgress,description
sasqos.PortAccessEgress,displayedName
sasqos.PortAccessEgress,distributionMode
sasqos.PortAccessEgress,egressRemark
sasqos.PortAccessEgressForwardingClass,broadcastQueueId
sasqos.PortAccessEgressForwardingClass,containingPolicyDisplayedName
sasqos.PortAccessEgressForwardingClass,containingPolicyId
sasqos.PortAccessEgressForwardingClass,deploymentState
sasqos.PortAccessEgressForwardingClass,description
sasqos.PortAccessEgressForwardingClass,displayedName
sasqos.PortAccessEgressForwardingClass,forwardingClass
sasqos.PortAccessEgressForwardingClass,globalPolicy
sasqos.PortAccessEgressForwardingClass,id
sasqos.PortAccessEgressForwardingClass,inDscp
sasqos.PortAccessEgressForwardingClass,inPrecedence
sasqos.PortAccessEgressForwardingClass,inRemark
sasqos.PortAccessEgressForwardingClass,isGhost
sasqos.PortAccessEgressForwardingClass,isLocal
sasqos.PortAccessEgressForwardingClass,multicastQueueId
sasqos.PortAccessEgressForwardingClass,name
sasqos.PortAccessEgressForwardingClass,objectFullName
sasqos.PortAccessEgressForwardingClass,outDscp
sasqos.PortAccessEgressForwardingClass,outPrecedence
sasqos.PortAccessEgressForwardingClass,outRemark
sasqos.PortAccessEgressForwardingClass,policyType
sasqos.PortAccessEgressForwardingClass,profile
sasqos.PortAccessEgressForwardingClass,queueId
sasqos.PortAccessEgressForwardingClass,selfAlarmed
sasqos.PortAccessEgressForwardingClass,siteId
sasqos.PortAccessEgressForwardingClass,siteName
sasqos.PortAccessEgressForwardingClass,unknownQueueId
sasqos.PortAccessEgress,globalPolicy
sasqos.PortAccessEgress,id
sasqos.PortAccessEgress,isLocal
sasqos.PortAccessEgress,name
sasqos.PortAccessEgress,numberOfUnderlyingPolicyItems
sasqos.PortAccessEgress,objectFullName
sasqos.PortAccessEgress,policyType
sasqos.PortAccessEgressQueue,cir
sasqos.PortAccessEgressQueue,cirAdaptation
sasqos.PortAccessEgressQueue,containingPolicyDisplayedName
sasqos.PortAccessEgressQueue,containingPolicyId
sasqos.PortAccessEgressQueue,deploymentState
sasqos.PortAccessEgressQueue,description
sasqos.PortAccessEgressQueue,displayedName
sasqos.PortAccessEgressQueue,id
sasqos.PortAccessEgressQueue,isLocal
sasqos.PortAccessEgressQueue,name
sasqos.PortAccessEgressQueue,objectFullName
sasqos.PortAccessEgressQueue,pir
sasqos.PortAccessEgressQueue,pirAdaptation
sasqos.PortAccessEgressQueue,policyType
sasqos.PortAccessEgressQueue,selfAlarmed
sasqos.PortAccessEgressQueue,siteId
sasqos.PortAccessEgressQueue,siteName
sasqos.PortAccessEgress,scope
sasqos.PortAccessEgress,selfAlarmed
sasqos.PortAccessEgress,siteId
sasqos.PortAccessEgress,siteName
service.CombinedNetworkEgressOctetsLogRecord,inProfileOctetsDropped
service.CombinedNetworkEgressOctetsLogRecord,inProfileOctetsForwarded
service.CombinedNetworkEgressOctetsLogRecord,lagPort
service.CombinedNetworkEgressOctetsLogRecord,monitoredObjectPointer
service.CombinedNetworkEgressOctetsLogRecord,monitoredObjectSiteId
service.CombinedNetworkEgressOctetsLogRecord,monitoredObjectSiteName
service.CombinedNetworkEgressOctetsLogRecord,outOfProfileOctetsDropped
service.CombinedNetworkEgressOctetsLogRecord,outOfProfileOctetsForwarded
service.CombinedNetworkEgressOctetsLogRecord,queueId
service.CombinedNetworkEgressOctetsLogRecord,portId
service.CombinedNetworkEgressOctetsLogRecord,timeCaptured
service.CombinedNetworkEgressOctetsLogRecord,timeRecorded
service.CombinedNetworkIngressOctetsLogRecord,inProfileOctetsDropped
service.CombinedNetworkIngressOctetsLogRecord,inProfileOctetsForwarded
service.CombinedNetworkIngressOctetsLogRecord,monitoredObjectPointer
service.CombinedNetworkIngressOctetsLogRecord,monitoredObjectSiteId
service.CombinedNetworkIngressOctetsLogRecord,monitoredObjectSiteName
service.CombinedNetworkIngressOctetsLogRecord,lagPort
service.CombinedNetworkIngressOctetsLogRecord,outOfProfileOctetsDropped
service.CombinedNetworkIngressOctetsLogRecord,outOfProfileOctetsForwarded
service.CombinedNetworkIngressOctetsLogRecord,queueId
service.CombinedNetworkIngressOctetsLogRecord,portId
service.CombinedNetworkIngressOctetsLogRecord,timeCaptured
service.CombinedNetworkIngressOctetsLogRecord,timeRecorded
service.CompleteServiceEgressPacketOctetsLogRecord,inProfileOctetsDropped
service.CompleteServiceEgressPacketOctetsLogRecord,inProfileOctetsForwarded
service.CompleteServiceEgressPacketOctetsLogRecord,inProfilePktsDropped
service.CompleteServiceEgressPacketOctetsLogRecord,inProfilePktsForwarded
service.CompleteServiceEgressPacketOctetsLogRecord,monitoredObjectPointer
service.CompleteServiceEgressPacketOctetsLogRecord,monitoredObjectSiteId
service.CompleteServiceEgressPacketOctetsLogRecord,monitoredObjectSiteName
service.CompleteServiceEgressPacketOctetsLogRecord,outOfProfileOctetsDropped
service.CompleteServiceEgressPacketOctetsLogRecord,outOfProfileOctetsForwarded
service.CompleteServiceEgressPacketOctetsLogRecord,outOfProfilePktsDropped
service.CompleteServiceEgressPacketOctetsLogRecord,outOfProfilePktsForwarded
service.CompleteServiceEgressPacketOctetsLogRecord,svcId
service.CompleteServiceEgressPacketOctetsLogRecord,queueId
service.CompleteServiceEgressPacketOctetsLogRecord,timeCaptured
service.CompleteServiceEgressPacketOctetsLogRecord,timeRecorded
service.CompleteServiceEgressPacketOctetsLogRecord,portId
service.CompleteServiceIngressPacketOctetsLogRecord,highOctetsDropped
service.CompleteServiceIngressPacketOctetsLogRecord,highOctetsOffered
service.CompleteServiceIngressPacketOctetsLogRecord,highPktsDropped
service.CompleteServiceIngressPacketOctetsLogRecord,highPktsOffered
service.CompleteServiceIngressPacketOctetsLogRecord,inProfileOctetsForwarded
service.CompleteServiceIngressPacketOctetsLogRecord,inProfilePktsForwarded
service.CompleteServiceIngressPacketOctetsLogRecord,lowOctetsDropped
service.CompleteServiceIngressPacketOctetsLogRecord,lowOctetsOffered
service.CompleteServiceIngressPacketOctetsLogRecord,lowPktsDropped
service.CompleteServiceIngressPacketOctetsLogRecord,lowPktsOffered
service.CompleteServiceIngressPacketOctetsLogRecord,monitoredObjectPointer
service.CompleteServiceIngressPacketOctetsLogRecord,monitoredObjectSiteId
service.CompleteServiceIngressPacketOctetsLogRecord,monitoredObjectSiteName
service.CompleteServiceIngressPacketOctetsLogRecord,outOfProfileOctetsForwarded
service.CompleteServiceIngressPacketOctetsLogRecord,outOfProfilePktsForwarded
service.CompleteServiceIngressPacketOctetsLogRecord,svcId
service.CompleteServiceIngressPacketOctetsLogRecord,queueId
service.CompleteServiceIngressPacketOctetsLogRecord,timeCaptured
service.CompleteServiceIngressPacketOctetsLogRecord,timeRecorded
service.CompleteServiceIngressPacketOctetsLogRecord,uncolouredOctetsOffered
service.CompleteServiceIngressPacketOctetsLogRecord,uncolouredPacketsOffered
service.CompleteServiceIngressPacketOctetsLogRecord,portId
service.NetworkEgressPacketsLogRecord,inProfilePktsDropped
service.NetworkEgressPacketsLogRecord,inProfilePktsForwarded
service.NetworkEgressPacketsLogRecord,lagPort
service.NetworkEgressPacketsLogRecord,monitoredObjectPointer
service.NetworkEgressPacketsLogRecord,monitoredObjectSiteId
service.NetworkEgressPacketsLogRecord,monitoredObjectSiteName
service.NetworkEgressPacketsLogRecord,outOfProfilePktsDropped
service.NetworkEgressPacketsLogRecord,outOfProfilePktsForwarded
service.NetworkEgressPacketsLogRecord,pktsDropped
service.NetworkEgressPacketsLogRecord,pktsForwarded
service.NetworkEgressPacketsLogRecord,portId
service.NetworkEgressPacketsLogRecord,queueId
service.NetworkEgressPacketsLogRecord,timeCaptured
service.NetworkEgressPacketsLogRecord,timeRecorded
service.NetworkIngressPacketsLogRecord,inProfilePktsDropped
service.NetworkIngressPacketsLogRecord,inProfilePktsForwarded
service.NetworkIngressPacketsLogRecord,monitoredObjectPointer
service.NetworkIngressPacketsLogRecord,monitoredObjectSiteId
service.NetworkIngressPacketsLogRecord,monitoredObjectSiteName
service.NetworkIngressPacketsLogRecord,lagPort
service.NetworkIngressPacketsLogRecord,outOfProfilePktsDropped
service.NetworkIngressPacketsLogRecord,outOfProfilePktsForwarded
service.NetworkIngressPacketsLogRecord,portId
service.NetworkIngressPacketsLogRecord,queueId
service.NetworkIngressPacketsLogRecord,timeCaptured
service.NetworkIngressPacketsLogRecord,timeRecorded
service.PppoeSapStatsLogRecord,monitoredObjectPointer
service.PppoeSapStatsLogRecord,monitoredObjectSiteId
service.PppoeSapStatsLogRecord,monitoredObjectSiteName
service.PppoeSapStatsLogRecord,pppoeSapReceivedDroppedPeriodic
service.PppoeSapStatsLogRecord,pppoeSapReceivedInvalidAcCookiePeriodic
service.PppoeSapStatsLogRecord,pppoeSapReceivedInvalidCodePeriodic
service.PppoeSapStatsLogRecord,pppoeSapReceivedInvalidLenPeriodic
service.PppoeSapStatsLogRecord,pppoeSapReceivedInvalidSessionPeriodic
service.PppoeSapStatsLogRecord,pppoeSapReceivedInvalidTagsPeriodic
service.PppoeSapStatsLogRecord,pppoeSapReceivedInvalidTypePeriodic
service.PppoeSapStatsLogRecord,pppoeSapReceivedInvalidVersionPeriodic
service.PppoeSapStatsLogRecord,pppoeSapReceivedSessionPeriodic
service.PppoeSapStatsLogRecord,pppoeSapTransmittedSessionPeriodic
service.PppoeSapStatsLogRecord,timeCaptured
service.ServiceEgressOctetsLogRecord,inProfileOctetsDropped
service.ServiceEgressOctetsLogRecord,inProfileOctetsForwarded
service.ServiceEgressOctetsLogRecord,monitoredObjectPointer
service.ServiceEgressOctetsLogRecord,monitoredObjectSiteId
service.ServiceEgressOctetsLogRecord,monitoredObjectSiteName
service.ServiceEgressOctetsLogRecord,outOfProfileOctetsDropped
service.ServiceEgressOctetsLogRecord,outOfProfileOctetsForwarded
service.ServiceEgressOctetsLogRecord,queueId
service.ServiceEgressOctetsLogRecord,timeCaptured
service.ServiceEgressOctetsLogRecord,timeRecorded
service.ServiceEgressPacketsLogRecord,inProfileOctetsDropped
service.ServiceEgressPacketsLogRecord,inProfileOctetsForwarded
service.ServiceEgressPacketsLogRecord,inProfilePktsDropped
service.ServiceEgressPacketsLogRecord,inProfilePktsForwarded
service.ServiceEgressPacketsLogRecord,monitoredObjectPointer
service.ServiceEgressPacketsLogRecord,monitoredObjectSiteId
service.ServiceEgressPacketsLogRecord,monitoredObjectSiteName
service.ServiceEgressPacketsLogRecord,outOfProfilePktsDropped
service.ServiceEgressPacketsLogRecord,outOfProfilePktsForwarded
service.ServiceEgressPacketsLogRecord,queueId
service.ServiceEgressPacketsLogRecord,timeCaptured
service.ServiceEgressPacketsLogRecord,timeRecorded
service.ServiceIngressOctetsLogRecord,highOctetsDropped
service.ServiceIngressOctetsLogRecord,highOctetsOffered
service.ServiceIngressOctetsLogRecord,inProfileOctetsForwarded
service.ServiceIngressOctetsLogRecord,lowOctetsDropped
service.ServiceIngressOctetsLogRecord,lowOctetsOffered
service.ServiceIngressOctetsLogRecord,monitoredObjectPointer
service.ServiceIngressOctetsLogRecord,monitoredObjectSiteId
service.ServiceIngressOctetsLogRecord,monitoredObjectSiteName
service.ServiceIngressOctetsLogRecord,outOfProfileOctetsForwarded
service.ServiceIngressOctetsLogRecord,queueId
service.ServiceIngressOctetsLogRecord,timeCaptured
service.ServiceIngressOctetsLogRecord,timeRecorded
service.ServiceIngressOctetsLogRecord,uncolouredOctetsOffered
service.ServiceIngressPacketsLogRecord,highPktsDropped
service.ServiceIngressPacketsLogRecord,highPktsOffered
service.ServiceIngressPacketsLogRecord,inProfilePktsForwarded
service.ServiceIngressPacketsLogRecord,lowPktsDropped
service.ServiceIngressPacketsLogRecord,lowPktsOffered
service.ServiceIngressPacketsLogRecord,monitoredObjectPointer
service.ServiceIngressPacketsLogRecord,monitoredObjectSiteId
service.ServiceIngressPacketsLogRecord,monitoredObjectSiteName
service.ServiceIngressPacketsLogRecord,outOfProfilePktsForwarded
service.ServiceIngressPacketsLogRecord,queueId
service.ServiceIngressPacketsLogRecord,timeCaptured
service.ServiceIngressPacketsLogRecord,timeRecorded
service.ServiceIngressPacketsLogRecord,uncolouredPacketsOffered
service.SitePing,administrativeState
service.SitePing,deploymentState
service.SitePing,description
service.SitePing,displayedName
service.SitePing,fromNodeId
service.SitePing,fromNodeName
service.SitePing,globalId
service.SitePing,id
service.SitePing,name
service.SitePing,objectFullName
service.SitePing,targetIpAddress
service.SitePing,targetIpAddressType
service.SitePing,testType
service.SitePingResult,averageInboundOneWayTime
service.SitePingResult,averageOneWayTime
service.SitePingResult,averageRoundTripTime
service.SitePingResult,fromNodeId
service.SitePingResult,fromNodeName
service.SitePingResult,inboundJitter
service.SitePingResult,lossPercentage
service.SitePingResult,outboundJitter
service.SitePingResult,packetsLost
service.SitePingResult,packetsSent
service.SitePingResult,packetTimeouts
service.SitePingResult,roundTripJitter
service.SitePingResult,scheduledTime
service.SitePingResult,test
service.SitePingResult,timeCaptured
sonetequipment.Sts12Channel,actualSpeed
sonetequipment.Sts12Channel,administrativeState
sonetequipment.Sts12Channel,cardSlotId
sonetequipment.Sts12Channel,daughterCardSlotId
sonetequipment.Sts12Channel,description
sonetequipment.Sts12Channel,encapType
sonetequipment.Sts12Channel,macAddress
sonetequipment.Sts12Channel,objectFullName
sonetequipment.Sts12Channel,operationalState
sonetequipment.Sts12Channel,portChannelType
sonetequipment.Sts12Channel,portId
sonetequipment.Sts12Channel,portName
sonetequipment.Sts12Channel,shelfId
sonetequipment.Sts12Channel,siteId
sonetequipment.Sts12Channel,siteName
sonetequipment.Sts12Channel,specificType
sonetequipment.Sts12Channel,speed
sonetequipment.Sts192Channel,actualSpeed
sonetequipment.Sts192Channel,administrativeState
sonetequipment.Sts192Channel,cardSlotId
sonetequipment.Sts192Channel,daughterCardSlotId
sonetequipment.Sts192Channel,description
sonetequipment.Sts192Channel,encapType
sonetequipment.Sts192Channel,lagMembershipId
sonetequipment.Sts192Channel,macAddress
sonetequipment.Sts192Channel,objectFullName
sonetequipment.Sts192Channel,operationalState
sonetequipment.Sts192Channel,portChannelType
sonetequipment.Sts192Channel,portId
sonetequipment.Sts192Channel,portName
sonetequipment.Sts192Channel,shelfId
sonetequipment.Sts192Channel,siteId
sonetequipment.Sts192Channel,siteName
sonetequipment.Sts192Channel,specificType
sonetequipment.Sts192Channel,speed
sonetequipment.Sts1Channel,actualSpeed
sonetequipment.Sts1Channel,administrativeState
sonetequipment.Sts1Channel,cardSlotId
sonetequipment.Sts1Channel,daughterCardSlotId
sonetequipment.Sts1Channel,description
sonetequipment.Sts1Channel,encapType
sonetequipment.Sts1Channel,macAddress
sonetequipment.Sts1Channel,objectFullName
sonetequipment.Sts1Channel,operationalState
sonetequipment.Sts1Channel,portChannelType
sonetequipment.Sts1Channel,portId
sonetequipment.Sts1Channel,portName
sonetequipment.Sts1Channel,shelfId
sonetequipment.Sts1Channel,siteId
sonetequipment.Sts1Channel,siteName
sonetequipment.Sts1Channel,specificType
sonetequipment.Sts1Channel,speed
sonetequipment.Sts3Channel,actualSpeed
sonetequipment.Sts3Channel,administrativeState
sonetequipment.Sts3Channel,cardSlotId
sonetequipment.Sts3Channel,daughterCardSlotId
sonetequipment.Sts3Channel,description
sonetequipment.Sts3Channel,encapType
sonetequipment.Sts3Channel,lagMembershipId
sonetequipment.Sts3Channel,macAddress
sonetequipment.Sts3Channel,objectFullName
sonetequipment.Sts3Channel,operationalState
sonetequipment.Sts3Channel,portChannelType
sonetequipment.Sts3Channel,portId
sonetequipment.Sts3Channel,portName
sonetequipment.Sts3Channel,shelfId
sonetequipment.Sts3Channel,siteId
sonetequipment.Sts3Channel,siteName
sonetequipment.Sts3Channel,specificType
sonetequipment.Sts3Channel,speed
sonetequipment.Sts48Channel,actualSpeed
sonetequipment.Sts48Channel,administrativeState
sonetequipment.Sts48Channel,cardSlotId
sonetequipment.Sts48Channel,daughterCardSlotId
sonetequipment.Sts48Channel,description
sonetequipment.Sts48Channel,encapType
sonetequipment.Sts48Channel,macAddress
sonetequipment.Sts48Channel,objectFullName
sonetequipment.Sts48Channel,operationalState
sonetequipment.Sts48Channel,portChannelType
sonetequipment.Sts48Channel,portId
sonetequipment.Sts48Channel,portName
sonetequipment.Sts48Channel,shelfId
sonetequipment.Sts48Channel,siteId
sonetequipment.Sts48Channel,siteName
sonetequipment.Sts48Channel,specificType
sonetequipment.Sts48Channel,speed
sonetequipment.TributaryChannel,actualSpeed
sonetequipment.TributaryChannel,administrativeState
sonetequipment.TributaryChannel,cardSlotId
sonetequipment.TributaryChannel,daughterCardSlotId
sonetequipment.TributaryChannel,description
sonetequipment.TributaryChannel,encapType
sonetequipment.TributaryChannel,lagMembershipId
sonetequipment.TributaryChannel,macAddress
sonetequipment.TributaryChannel,objectFullName
sonetequipment.TributaryChannel,operationalState
sonetequipment.TributaryChannel,portChannelType
sonetequipment.TributaryChannel,portId
sonetequipment.TributaryChannel,portName
sonetequipment.TributaryChannel,shelfId
sonetequipment.TributaryChannel,siteId
sonetequipment.TributaryChannel,siteName
sonetequipment.TributaryChannel,specificType
sonetequipment.TributaryChannel,speed
sonetequipment.TributaryGroup,actualSpeed
sonetequipment.TributaryGroup,administrativeState
sonetequipment.TributaryGroup,cardSlotId
sonetequipment.TributaryGroup,daughterCardSlotId
sonetequipment.TributaryGroup,description
sonetequipment.TributaryGroup,encapType
sonetequipment.TributaryGroup,lagMembershipId
sonetequipment.TributaryGroup,macAddress
sonetequipment.TributaryGroup,objectFullName
sonetequipment.TributaryGroup,operationalState
sonetequipment.TributaryGroup,portChannelType
sonetequipment.TributaryGroup,portId
sonetequipment.TributaryGroup,portName
sonetequipment.TributaryGroup,shelfId
sonetequipment.TributaryGroup,siteId
sonetequipment.TributaryGroup,siteName
sonetequipment.TributaryGroup,specificType
sonetequipment.TributaryGroup,speed
sonetequipment.Tu3Channel,actualSpeed
sonetequipment.Tu3Channel,administrativeState
sonetequipment.Tu3Channel,cardSlotId
sonetequipment.Tu3Channel,daughterCardSlotId
sonetequipment.Tu3Channel,description
sonetequipment.Tu3Channel,encapType
sonetequipment.Tu3Channel,lagMembershipId
sonetequipment.Tu3Channel,macAddress
sonetequipment.Tu3Channel,objectFullName
sonetequipment.Tu3Channel,operationalState
sonetequipment.Tu3Channel,portChannelType
sonetequipment.Tu3Channel,portId
sonetequipment.Tu3Channel,portName
sonetequipment.Tu3Channel,shelfId
sonetequipment.Tu3Channel,siteId
sonetequipment.Tu3Channel,siteName
sonetequipment.Tu3Channel,specificType
sonetequipment.Tu3Channel,speed
sonetequipment.Tug3Group,actualSpeed
sonetequipment.Tug3Group,administrativeState
sonetequipment.Tug3Group,cardSlotId
sonetequipment.Tug3Group,daughterCardSlotId
sonetequipment.Tug3Group,description
sonetequipment.Tug3Group,encapType
sonetequipment.Tug3Group,lagMembershipId
sonetequipment.Tug3Group,macAddress
sonetequipment.Tug3Group,objectFullName
sonetequipment.Tug3Group,operationalState
sonetequipment.Tug3Group,portChannelType
sonetequipment.Tug3Group,portId
sonetequipment.Tug3Group,portName
sonetequipment.Tug3Group,shelfId
sonetequipment.Tug3Group,siteId
sonetequipment.Tug3Group,siteName
sonetequipment.Tug3Group,specificType
sonetequipment.Tug3Group,speed
svq.AggregationScheduler,administrativeState
svq.AggregationScheduler,equipmentDisplayedName
svq.AggregationScheduler,equipmentId
svq.AggregationScheduler,objectFullName
svq.AggregationScheduler,operationalState
svq.AggregationScheduler,scope
svq.AggregationScheduler,siteId
svq.AggregationScheduler,siteName
svq.CustMultiSvcSiteEgrSchedPlcyPortStatsLogRecord,forwardedOctets
svq.CustMultiSvcSiteEgrSchedPlcyPortStatsLogRecord,forwardedPackets
svq.CustMultiSvcSiteEgrSchedPlcyPortStatsLogRecord,monitoredObjectPointer
svq.CustMultiSvcSiteEgrSchedPlcyPortStatsLogRecord,monitoredObjectSiteId
svq.CustMultiSvcSiteEgrSchedPlcyPortStatsLogRecord,monitoredObjectSiteName
svq.CustMultiSvcSiteEgrSchedPlcyPortStatsLogRecord,timeCaptured
svq.CustMultiSvcSiteIngSchedPlcyPortStatsLogRecord,forwardedOctets
svq.CustMultiSvcSiteIngSchedPlcyPortStatsLogRecord,forwardedPackets
svq.CustMultiSvcSiteIngSchedPlcyPortStatsLogRecord,monitoredObjectPointer
svq.CustMultiSvcSiteIngSchedPlcyPortStatsLogRecord,monitoredObjectSiteId
svq.CustMultiSvcSiteIngSchedPlcyPortStatsLogRecord,monitoredObjectSiteName
svq.CustMultiSvcSiteIngSchedPlcyPortStatsLogRecord,timeCaptured
svt.MeshSdpBinding,administrativeState
svt.MeshSdpBinding,connectionId
svt.MeshSdpBinding,encapsulationType
svt.MeshSdpBinding,fromNodeId
svt.MeshSdpBinding,fromNodeName
svt.MeshSdpBinding,objectFullName
svt.MeshSdpBinding,operationalState
svt.MeshSdpBinding,pathId
svt.MeshSdpBinding,returnPathId
svt.MeshSdpBinding,serviceId
svt.MeshSdpBinding,serviceType
svt.MeshSdpBinding,subscriberId
svt.MeshSdpBinding,subscriberName
svt.MeshSdpBinding,toNodeId
svt.MeshSdpBinding,toNodeName
svt.MeshSdpBinding,vcId
svt.MirrorSdpBinding,administrativeState
svt.MirrorSdpBinding,connectionId
svt.MirrorSdpBinding,encapsulationType
svt.MirrorSdpBinding,fromNodeId
svt.MirrorSdpBinding,fromNodeName
svt.MirrorSdpBinding,objectFullName
svt.MirrorSdpBinding,operationalState
svt.MirrorSdpBinding,pathId
svt.MirrorSdpBinding,returnPathId
svt.MirrorSdpBinding,serviceId
svt.MirrorSdpBinding,serviceType
svt.MirrorSdpBinding,subscriberId
svt.MirrorSdpBinding,subscriberName
svt.MirrorSdpBinding,toNodeId
svt.MirrorSdpBinding,toNodeName
svt.MirrorSdpBinding,vcId
svt.SdpBindingBaseStatsLogRecord,egressForwardedOctetsPeriodic
svt.SdpBindingBaseStatsLogRecord,egressForwardedPacketsPeriodic
svt.SdpBindingBaseStatsLogRecord,ingressDroppedOctetsPeriodic
svt.SdpBindingBaseStatsLogRecord,ingressDroppedPacketsPeriodic
svt.SdpBindingBaseStatsLogRecord,ingressForwardedOctetsPeriodic
svt.SdpBindingBaseStatsLogRecord,ingressForwardedPacketsPeriodic
svt.SdpBindingBaseStatsLogRecord,monitoredObjectPointer
svt.SdpBindingBaseStatsLogRecord,monitoredObjectSiteId
svt.SdpBindingBaseStatsLogRecord,monitoredObjectSiteName
svt.SdpBindingBaseStatsLogRecord,timeCaptured
svt.SpokeSdpBinding,administrativeState
svt.SpokeSdpBinding,connectionId
svt.SpokeSdpBinding,encapsulationType
svt.SpokeSdpBinding,fromNodeId
svt.SpokeSdpBinding,fromNodeName
svt.SpokeSdpBinding,objectFullName
svt.SpokeSdpBinding,operationalState
svt.SpokeSdpBinding,pathId
svt.SpokeSdpBinding,returnPathId
svt.SpokeSdpBinding,serviceId
svt.SpokeSdpBinding,serviceType
svt.SpokeSdpBinding,subscriberId
svt.SpokeSdpBinding,subscriberName
svt.SpokeSdpBinding,toNodeId
svt.SpokeSdpBinding,toNodeName
svt.SpokeSdpBinding,vcId
svt.TunnelPing,administrativeState
svt.TunnelPing,deploymentState
svt.TunnelPing,description
svt.TunnelPing,displayedName
svt.TunnelPing,forwardingClass
svt.TunnelPing,fromNodeId
svt.TunnelPing,fromNodeName
svt.TunnelPing,globalId
svt.TunnelPing,id
svt.TunnelPing,name
svt.TunnelPing,objectFullName
svt.TunnelPing,originatingTunnel
svt.TunnelPing,testType
svt.TunnelPingResult,averageInboundOneWayTime
svt.TunnelPingResult,averageOneWayTime
svt.TunnelPingResult,averageRoundTripTime
svt.TunnelPingResult,fromNodeId
svt.TunnelPingResult,fromNodeName
svt.TunnelPingResult,inboundJitter
svt.TunnelPingResult,lossPercentage
svt.TunnelPingResult,outboundJitter
svt.TunnelPingResult,packetsLost
svt.TunnelPingResult,packetsSent
svt.TunnelPingResult,packetTimeouts
svt.TunnelPingResult,roundTripJitter
svt.TunnelPingResult,scheduledTime
svt.TunnelPingResult,test
svt.TunnelPingResult,timeCaptured
svt.VccvPing,administrativeState
svt.VccvPing,deploymentState
svt.VccvPing,description
svt.VccvPing,displayedName
svt.VccvPing,forwardingClass
svt.VccvPing,fromNodeId
svt.VccvPing,fromNodeName
svt.VccvPing,globalId
svt.VccvPing,id
svt.VccvPing,name
svt.VccvPing,objectFullName
svt.VccvPing,pseudowireId
svt.VccvPing,targetIpAddress
svt.VccvPing,targetIpAddressType
svt.VccvPing,testType
svt.VccvPing,testedObject
svt.VccvPingResult,averageInboundOneWayTime
svt.VccvPingResult,averageOneWayTime
svt.VccvPingResult,averageRoundTripTime
svt.VccvPingResult,fromNodeId
svt.VccvPingResult,fromNodeName
svt.VccvPingResult,inboundJitter
svt.VccvPingResult,lossPercentage
svt.VccvPingResult,outboundJitter
svt.VccvPingResult,packetsLost
svt.VccvPingResult,packetsSent
svt.VccvPingResult,packetTimeouts
svt.VccvPingResult,roundTripJitter
svt.VccvPingResult,scheduledTime
svt.VccvPingResult,test
svt.VccvPingResult,timeCaptured
tdmequipment.DS0ChannelGroup,actualSpeed
tdmequipment.DS0ChannelGroup,administrativeState
tdmequipment.DS0ChannelGroup,cardSlotId
tdmequipment.DS0ChannelGroup,daughterCardSlotId
tdmequipment.DS0ChannelGroup,description
tdmequipment.DS0ChannelGroup,encapType
tdmequipment.DS0ChannelGroup,lagMembershipId
tdmequipment.DS0ChannelGroup,macAddress
tdmequipment.DS0ChannelGroup,objectFullName
tdmequipment.DS0ChannelGroup,operationalState
tdmequipment.DS0ChannelGroup,portChannelType
tdmequipment.DS0ChannelGroup,portId
tdmequipment.DS0ChannelGroup,portName
tdmequipment.DS0ChannelGroup,shelfId
tdmequipment.DS0ChannelGroup,siteId
tdmequipment.DS0ChannelGroup,siteName
tdmequipment.DS0ChannelGroup,specificType
tdmequipment.DS0ChannelGroup,speed
tdmequipment.DS1E1Channel,actualSpeed
tdmequipment.DS1E1Channel,administrativeState
tdmequipment.DS1E1Channel,cardSlotId
tdmequipment.DS1E1Channel,daughterCardSlotId
tdmequipment.DS1E1Channel,description
tdmequipment.DS1E1Channel,encapType
tdmequipment.DS1E1Channel,lagMembershipId
tdmequipment.DS1E1Channel,macAddress
tdmequipment.DS1E1Channel,objectFullName
tdmequipment.DS1E1Channel,operationalState
tdmequipment.DS1E1Channel,portChannelType
tdmequipment.DS1E1Channel,portId
tdmequipment.DS1E1Channel,portName
tdmequipment.DS1E1Channel,shelfId
tdmequipment.DS1E1Channel,siteId
tdmequipment.DS1E1Channel,siteName
tdmequipment.DS1E1Channel,specificType
tdmequipment.DS1E1Channel,speed
tdmequipment.DS3E3Channel,actualSpeed
tdmequipment.DS3E3Channel,administrativeState
tdmequipment.DS3E3Channel,cardSlotId
tdmequipment.DS3E3Channel,daughterCardSlotId
tdmequipment.DS3E3Channel,description
tdmequipment.DS3E3Channel,encapType
tdmequipment.DS3E3Channel,lagMembershipId
tdmequipment.DS3E3Channel,macAddress
tdmequipment.DS3E3Channel,objectFullName
tdmequipment.DS3E3Channel,operationalState
tdmequipment.DS3E3Channel,portChannelType
tdmequipment.DS3E3Channel,portId
tdmequipment.DS3E3Channel,portName
tdmequipment.DS3E3Channel,shelfId
tdmequipment.DS3E3Channel,siteId
tdmequipment.DS3E3Channel,siteName
tdmequipment.DS3E3Channel,specificType
tdmequipment.DS3E3Channel,speed
vll.L2AccessInterface,innerEncapValue
vll.L2AccessInterface,outerEncapValue
vll.L2AccessInterface,ingressPolicyId
vll.L2AccessInterface,egressPolicyId
vll.L2AccessInterface,sasIngressPolicyId
vll.L2AccessInterface,accountingOn
vll.L2AccessInterface,accountingPolicyId
vll.L2AccessInterface,administrativeState
vll.L2AccessInterface,ctpPointer
vll.L2AccessInterface,description
vll.L2AccessInterface,displayedName
vll.L2AccessInterface,encapType
vll.L2AccessInterface,nodeId
vll.L2AccessInterface,nodeName
vll.L2AccessInterface,objectFullName
vll.L2AccessInterface,operationalState
vll.L2AccessInterface,portId
vll.L2AccessInterface,portIdentifyingName
vll.L2AccessInterface,portName
vll.L2AccessInterface,serviceId
vll.L2AccessInterface,serviceName
vll.L2AccessInterface,serviceType
vll.L2AccessInterface,subscriberId
vll.L2AccessInterface,subscriberName
vll.L2AccessInterface,terminatedObjectName
vll.L2AccessInterface,terminatedPortClassName
vpls.L2AccessInterface,innerEncapValue
vpls.L2AccessInterface,outerEncapValue
vpls.L2AccessInterface,ingressPolicyId
vpls.L2AccessInterface,egressPolicyId
vpls.L2AccessInterface,sasIngressPolicyId
vpls.L2AccessInterface,accountingOn
vpls.L2AccessInterface,accountingPolicyId
vpls.L2AccessInterface,accountingPolicyName
vpls.L2AccessInterface,administrativeState
vpls.L2AccessInterface,ctpPointer
vpls.L2AccessInterface,description
vpls.L2AccessInterface,displayedName
vpls.L2AccessInterface,encapType
vpls.L2AccessInterface,nodeId
vpls.L2AccessInterface,nodeName
vpls.L2AccessInterface,objectFullName
vpls.L2AccessInterface,operationalState
vpls.L2AccessInterface,portId
vpls.L2AccessInterface,portIdentifyingName
vpls.L2AccessInterface,portName
vpls.L2AccessInterface,serviceId
vpls.L2AccessInterface,serviceName
vpls.L2AccessInterface,serviceType
vpls.L2AccessInterface,subscriberId
vpls.L2AccessInterface,subscriberName
vpls.L2AccessInterface,terminatedObjectName
vpls.L2AccessInterface,terminatedPortClassName
vpls.Vpls,objectFullName
vpls.Vpls,serviceId
vpls.Vpls,compositeSvcId
vprn.L3AccessInterface,innerEncapValue
vprn.L3AccessInterface,outerEncapValue
vprn.L3AccessInterface,ingressPolicyId
vprn.L3AccessInterface,egressPolicyId
vprn.L3AccessInterface,sasIngressPolicyId
vprn.L3AccessInterface,accountingOn
vprn.L3AccessInterface,accountingPolicyId
vprn.L3AccessInterface,administrativeState
vprn.L3AccessInterface,ctpPointer
vprn.L3AccessInterface,description
vprn.L3AccessInterface,displayedName
vprn.L3AccessInterface,encapType
vprn.L3AccessInterface,nodeId
vprn.L3AccessInterface,nodeName
vprn.L3AccessInterface,objectFullName
vprn.L3AccessInterface,operationalState
vprn.L3AccessInterface,portId
vprn.L3AccessInterface,portIdentifyingName
vprn.L3AccessInterface,portName
vprn.L3AccessInterface,serviceId
vprn.L3AccessInterface,serviceName
vprn.L3AccessInterface,serviceType
vprn.L3AccessInterface,subscriberId
vprn.L3AccessInterface,subscriberName
vprn.L3AccessInterface,terminatedObjectName
vprn.L3AccessInterface,terminatedPortClassName
vprn.ServiceAccessPoint,administrativeState
vprn.ServiceAccessPoint,description
vprn.ServiceAccessPoint,displayedName
vprn.ServiceAccessPoint,nodeId
vprn.ServiceAccessPoint,objectFullName
vprn.ServiceAccessPoint,operationalState
vprn.ServiceAccessPoint,portId
vprn.ServiceAccessPoint,portIdentifyingName
vprn.ServiceAccessPoint,portName
vprn.ServiceAccessPoint,serviceId
vprn.ServiceAccessPoint,serviceName
vprn.ServiceAccessPoint,serviceType
vprn.ServiceAccessPoint,subscriberId
vprn.ServiceAccessPoint,subscriberName
vprn.ServiceAccessPoint,terminatedObjectName
vprn.ServiceAccessPoint,terminatedPortClassName
vprn.ServiceAccessPoint,nodeName
vprn.ServiceAccessPoint,portId
vprn.ServiceAccessPoint,serviceId
mpr.IMALink,objectFullName
mpr.IMALink,imaLinkAdminStatus
mpr.IMALink,imaLinkGrpName
mpr.IMALink,imaLinkOperStatus
mpr.IMALink,parentPortId
mpr.IMALink,portId
mpr.IMALink,slotId
mpr.IMALink,siteName
mpr.IMALink,siteId
tdmequipment.DS1E1PortSpecifics,objectFullName
tdmequipment.DS1E1PortSpecifics,ds1PortType
tdmequipment.DS1E1PortSpecifics,shelfId
tdmequipment.DS1E1PortSpecifics,siteId
tdmequipment.DS1E1PortSpecifics,siteName
tdmequipment.DS1E1PortSpecifics,displayedName
ethernetequipment.AggrMaintRxStatsLogRecord,monitoredObjectPointer
ethernetequipment.AggrMaintRxStatsLogRecord,monitoredObjectSiteId
ethernetequipment.AggrMaintRxStatsLogRecord,monitoredObjectSiteName
ethernetequipment.AggrMaintRxStatsLogRecord,aggrMaintRxTDFPeriodic
ethernetequipment.AggrMaintRxStatsLogRecord,aggrMaintRxTRCFBroadcastPeriodic
ethernetequipment.AggrMaintRxStatsLogRecord,aggrMaintRxTRCFMulticastPeriodic
ethernetequipment.AggrMaintRxStatsLogRecord,aggrMaintRxTRCFPeriodic
ethernetequipment.AggrMaintRxStatsLogRecord,aggrMaintRxTRCFUnicastPeriodic
ethernetequipment.AggrMaintRxStatsLogRecord,aggrMaintRxTRCOPeriodic
ethernetequipment.AggrMaintRxStatsLogRecord,aggrMaintRxTRSEFPeriodic
ethernetequipment.AggrMaintRxStatsLogRecord,timeCaptured
ethernetequipment.AggrMaintTxStatsLogRecord,monitoredObjectPointer
ethernetequipment.AggrMaintTxStatsLogRecord,monitoredObjectSiteId
ethernetequipment.AggrMaintTxStatsLogRecord,monitoredObjectSiteName
ethernetequipment.AggrMaintTxStatsLogRecord,aggrMaintTxTDFPeriodic
ethernetequipment.AggrMaintTxStatsLogRecord,aggrMaintTxTTFBroadcastPeriodic
ethernetequipment.AggrMaintTxStatsLogRecord,aggrMaintTxTTFMulticastPeriodic
ethernetequipment.AggrMaintTxStatsLogRecord,aggrMaintTxTTFPeriodic
ethernetequipment.AggrMaintTxStatsLogRecord,aggrMaintTxTTFUnicastPeriodic
ethernetequipment.AggrMaintTxStatsLogRecord,aggrMaintTxTTOPeriodic
ethernetequipment.AggrMaintTxStatsLogRecord,timeCaptured
mpr.IMALinkCurrentStatsLogRecord,monitoredObjectPointer
mpr.IMALinkCurrentStatsLogRecord,monitoredObjectSiteId
mpr.IMALinkCurrentStatsLogRecord,monitoredObjectSiteName
mpr.IMALinkCurrentStatsLogRecord,imaLinkCurrentFeRxNumFailuresPeriodic
mpr.IMALinkCurrentStatsLogRecord,imaLinkCurrentFeTxNumFailuresPeriodic
mpr.IMALinkCurrentStatsLogRecord,imaLinkCurrentNeRxNumFailuresPeriodic
mpr.IMALinkCurrentStatsLogRecord,imaLinkCurrentNeTxNumFailuresPeriodic
mpr.IMALinkCurrentStatsLogRecord,imaLinkCurrentFeRxUnusableSecsPeriodic
mpr.IMALinkCurrentStatsLogRecord,imaLinkCurrentFeSevErroredSecsPeriodic
mpr.IMALinkCurrentStatsLogRecord,imaLinkCurrentFeTxUnusableSecsPeriodic
mpr.IMALinkCurrentStatsLogRecord,imaLinkCurrentFeUnavailSecsPeriodic
mpr.IMALinkCurrentStatsLogRecord,imaLinkCurrentNeRxUnusableSecsPeriodic
mpr.IMALinkCurrentStatsLogRecord,imaLinkCurrentNeSevErroredSecsPeriodic
mpr.IMALinkCurrentStatsLogRecord,imaLinkCurrentNeTxUnusableSecsPeriodic
mpr.IMALinkCurrentStatsLogRecord,imaLinkCurrentNeUnavailSecsPeriodic
mpr.IMALinkCurrentStatsLogRecord,timeCaptured
radioequipment.PdhFrameHopHistoryDataStats15MinLogRecord,monitoredObjectPointer
radioequipment.PdhFrameHopHistoryDataStats15MinLogRecord,monitoredObjectSiteId
radioequipment.PdhFrameHopHistoryDataStats15MinLogRecord,monitoredObjectSiteName
radioequipment.PdhFrameHopHistoryDataStats15MinLogRecord,pdhFrameHopHDBbePeriodic
radioequipment.PdhFrameHopHistoryDataStats15MinLogRecord,pdhFrameHopHDEsPeriodic
radioequipment.PdhFrameHopHistoryDataStats15MinLogRecord,pdhFrameHopHDSesPeriodic
radioequipment.PdhFrameHopHistoryDataStats15MinLogRecord,pdhFrameHopHDUasPeriodic
radioequipment.PdhFrameHopHistoryDataStats15MinLogRecord,timeCaptured
radioequipment.PdhFrameLinkHistoryDataStats15MinLogRecord,monitoredObjectPointer
radioequipment.PdhFrameLinkHistoryDataStats15MinLogRecord,monitoredObjectSiteId
radioequipment.PdhFrameLinkHistoryDataStats15MinLogRecord,monitoredObjectSiteName
radioequipment.PdhFrameLinkHistoryDataStats15MinLogRecord,pdhFrameLinkHDBbePeriodic
radioequipment.PdhFrameLinkHistoryDataStats15MinLogRecord,pdhFrameLinkHDEsPeriodic
radioequipment.PdhFrameLinkHistoryDataStats15MinLogRecord,pdhFrameLinkHDSesPeriodic
radioequipment.PdhFrameLinkHistoryDataStats15MinLogRecord,pdhFrameLinkHDUasPeriodic
radioequipment.PdhFrameLinkHistoryDataStats15MinLogRecord,timeCaptured
radioequipment.RadioAnalogueMeasureLogRecord,monitoredObjectPointer
radioequipment.RadioAnalogueMeasureLogRecord,monitoredObjectSiteId
radioequipment.RadioAnalogueMeasureLogRecord,monitoredObjectSiteName
radioequipment.RadioAnalogueMeasureLogRecord,localRxDivPowerPeriodic
radioequipment.RadioAnalogueMeasureLogRecord,localRxMainPowerPeriodic
radioequipment.RadioAnalogueMeasureLogRecord,localTxPowerPeriodic
radioequipment.RadioAnalogueMeasureLogRecord,remoteRxDivPowerPeriodic
radioequipment.RadioAnalogueMeasureLogRecord,remoteRxMainPowerPeriodic
radioequipment.RadioAnalogueMeasureLogRecord,remoteTxPowerPeriodic
radioequipment.RadioAnalogueMeasureLogRecord,timeCaptured
tdmequipment.DS1HistoryStats15minInLogRecord,monitoredObjectPointer
tdmequipment.DS1HistoryStats15minInLogRecord,monitoredObjectSiteId
tdmequipment.DS1HistoryStats15minInLogRecord,monitoredObjectSiteName
tdmequipment.DS1HistoryStats15minInLogRecord,ds1HDEs
tdmequipment.DS1HistoryStats15minInLogRecord,ds1HDSes
tdmequipment.DS1HistoryStats15minInLogRecord,ds1HDUas
tdmequipment.DS1HistoryStats15minInLogRecord,timeCaptured
tdmequipment.DS1HistoryStats15minOutLogRecord,monitoredObjectPointer
tdmequipment.DS1HistoryStats15minOutLogRecord,monitoredObjectSiteId
tdmequipment.DS1HistoryStats15minOutLogRecord,monitoredObjectSiteName
tdmequipment.DS1HistoryStats15minOutLogRecord,ds1HDEs
tdmequipment.DS1HistoryStats15minOutLogRecord,ds1HDSes
tdmequipment.DS1HistoryStats15minOutLogRecord,ds1HDUas
tdmequipment.DS1HistoryStats15minOutLogRecord,timeCaptured
tdmequipment.E1HistoryStats15minInLogRecord,monitoredObjectPointer
tdmequipment.E1HistoryStats15minInLogRecord,monitoredObjectSiteId
tdmequipment.E1HistoryStats15minInLogRecord,monitoredObjectSiteName
tdmequipment.E1HistoryStats15minInLogRecord,e1HDEs
tdmequipment.E1HistoryStats15minInLogRecord,e1HDSes
tdmequipment.E1HistoryStats15minInLogRecord,e1HDUas
tdmequipment.E1HistoryStats15minInLogRecord,e1HDBbe
tdmequipment.E1HistoryStats15minInLogRecord,timeCaptured
tdmequipment.E1HistoryStats15minOutLogRecord,monitoredObjectPointer
tdmequipment.E1HistoryStats15minOutLogRecord,monitoredObjectSiteId
tdmequipment.E1HistoryStats15minOutLogRecord,monitoredObjectSiteName
tdmequipment.E1HistoryStats15minOutLogRecord,e1HDEs
tdmequipment.E1HistoryStats15minOutLogRecord,e1HDSes
tdmequipment.E1HistoryStats15minOutLogRecord,e1HDUas
tdmequipment.E1HistoryStats15minOutLogRecord,e1HDBbe
tdmequipment.E1HistoryStats15minOutLogRecord,timeCaptured
equipment.BaseCard,objectFullName
equipment.BaseCard,operationalState
equipment.BaseCard,slotId
equipment.BaseCard,administrativeState
equipment.BaseCard,equipmentState
equipment.BaseCard,shelfId
equipment.BaseCard,shelfType
equipment.BaseCard,siteId
equipment.BaseCard,siteName
equipment.DaughterCard,objectFullName
equipment.DaughterCard,operationalState
equipment.DaughterCard,slotId
equipment.DaughterCard,administrativeState
equipment.DaughterCard,equipmentState
equipment.DaughterCard,shelfId
equipment.DaughterCard,shelfType
equipment.DaughterCard,siteId
equipment.DaughterCard,siteName
equipment.MCMCard,objectFullName
equipment.MCMCard,operationalState
equipment.MCMCard,slotId
equipment.MCMCard,administrativeState
equipment.MCMCard,equipmentState
equipment.MCMCard,shelfId
equipment.MCMCard,shelfType
equipment.MCMCard,siteId
equipment.MCMCard,siteName
equipment.ControlProcessor,objectFullName
equipment.ControlProcessor,operationalState
equipment.ControlProcessor,slotId
equipment.ControlProcessor,administrativeState
equipment.ControlProcessor,equipmentState
equipment.ControlProcessor,shelfId
equipment.ControlProcessor,siteId
equipment.ControlProcessor,siteName
nat.IsaMda,objectFullName
nat.IsaMda,siteName
nat.IsaMda,cardSlot
nat.IsaMda,chassisIndex
nat.IsaMda,mdaSlot
nat.IsaMda,groupNumber
nat.IsaMember,objectFullName
nat.IsaMember,siteName
nat.IsaMember,cardSlot
nat.IsaMember,chassisIndex
nat.IsaMember,mdaSlot
nat.IsaMember,groupNumber
nat.IsaMember,memberId
nat.NatIsaResourceStats,monitoredObjectPointer
nat.NatIsaResourceStats,timeCaptured
nat.NatIsaResourceStats,statsName
nat.NatIsaResourceStats,statsValue
nat.NatIsaResourceStats,statsMaxValue
nat.NatIsaResourceStats,monitoredObjectSiteName
dhcp.Dhcp6AddressPrefix,objectFullName
dhcp.Dhcp6AddressPrefix,nodeId
dhcp.Dhcp6AddressPrefix,nodeName
dhcp.Dhcp6AddressPrefix,routerId
dhcp.Dhcp6AddressPrefix,localDhcpServerName
dhcp.Dhcp6AddressPrefix,address
dhcp.Dhcp6AddressPrefix,addressPoolName
dhcp.Dhcp6AddressPrefix,addressType
dhcp.Dhcp6AddressPrefix,prefixLength
dhcp.Subnet,objectFullName
dhcp.Subnet,nodeId
dhcp.Subnet,nodeName
dhcp.Subnet,routerId
dhcp.Subnet,localDhcpServerName
dhcp.Subnet,address
dhcp.Subnet,addressPoolName
dhcp.Subnet,addressType
dhcp.Subnet,prefixLength
equipment.HardwareTemperatureLogRecord,monitoredObjectPointer
equipment.HardwareTemperatureLogRecord,monitoredObjectSiteId
equipment.HardwareTemperatureLogRecord,monitoredObjectSiteName
equipment.HardwareTemperatureLogRecord,temperature
equipment.HardwareTemperatureLogRecord,timeCaptured
nat.IsaMemberUsageStatsLogRecord,monitoredObjectPointer
nat.IsaMemberUsageStatsLogRecord,monitoredObjectSiteId
nat.IsaMemberUsageStatsLogRecord,monitoredObjectSiteName
nat.IsaMemberUsageStatsLogRecord,sessionUsage
nat.IsaMemberUsageStatsLogRecord,priSessions
nat.IsaMemberUsageStatsLogRecord,sessionUsageHi
nat.IsaMemberUsageStatsLogRecord,timeCaptured
dhcp.LocalDhcp6ServerPrefixStatsLogRecord,monitoredObjectPointer
dhcp.LocalDhcp6ServerPrefixStatsLogRecord,monitoredObjectSiteId
dhcp.LocalDhcp6ServerPrefixStatsLogRecord,monitoredObjectSiteName
dhcp.LocalDhcp6ServerPrefixStatsLogRecord,stableLeases
dhcp.LocalDhcp6ServerPrefixStatsLogRecord,provisionedBlocks
dhcp.LocalDhcp6ServerPrefixStatsLogRecord,unusedBlocks
dhcp.LocalDhcp6ServerPrefixStatsLogRecord,freeBlocks
dhcp.LocalDhcp6ServerPrefixStatsLogRecord,pctBlocksUnused
dhcp.LocalDhcp6ServerPrefixStatsLogRecord,pctBlocksInUse
dhcp.LocalDhcp6ServerPrefixStatsLogRecord,timeCaptured
dhcp.LocalDhcpServerSubnetStatsLogRecord,monitoredObjectPointer
dhcp.LocalDhcpServerSubnetStatsLogRecord,monitoredObjectSiteId
dhcp.LocalDhcpServerSubnetStatsLogRecord,monitoredObjectSiteName
dhcp.LocalDhcpServerSubnetStatsLogRecord,freeAddresses
dhcp.LocalDhcpServerSubnetStatsLogRecord,pctUsedAddresses
dhcp.LocalDhcpServerSubnetStatsLogRecord,pctFreeAddresses
dhcp.LocalDhcpServerSubnetStatsLogRecord,usedLeases
dhcp.LocalDhcpServerSubnetStatsLogRecord,timeCaptured
equipment.SystemCpuMonStatsLogRecord,monitoredObjectPointer
equipment.SystemCpuMonStatsLogRecord,monitoredObjectSiteId
equipment.SystemCpuMonStatsLogRecord,monitoredObjectSiteName
equipment.SystemCpuMonStatsLogRecord,timeCaptured
equipment.SystemCpuMonStatsLogRecord,tmnxSysCpuMonCpuIdle
equipment.SystemCpuMonStatsLogRecord,tmnxSysCpuMonSampleTime
equipment.SystemCpuMonStatsLogRecord,tmnxSysCpuMonBusyCoreUtil
lte.S1uPeer,objectFullName
lte.S1uPeer,epcId
lte.S1uPeer,virtualRouterId
lte.S1uPeer,peerIpAddress
lte.S1uPeer,referencePointSiteId
lte.S5Peer,objectFullName
lte.S5Peer,epcId
lte.S5Peer,virtualRouterId
lte.S5Peer,peerIpAddress
lte.S5Peer,referencePointSiteId
lte.S8Peer,objectFullName
lte.S8Peer,epcId
lte.S8Peer,virtualRouterId
lte.S8Peer,peerIpAddress
lte.S8Peer,referencePointSiteId
lte.S11Peer,objectFullName
lte.S11Peer,epcId
lte.S11Peer,virtualRouterId
lte.S11Peer,peerIpAddress
lte.S11Peer,referencePointSiteId
ltemme.MmeServiceMemberMaf,objectFullName
ltemme.MmeServiceMemberMaf,siteId
ltemme.MmeServiceMemberMaf,siteName
ltemme.MmeServiceMemberMaf,serviceId
ltemme.MmeServiceMemberMaf,serviceName
lte.S1uAgwPeerStatsLogRecord,monitoredObjectPointer
lte.S1uAgwPeerStatsLogRecord,monitoredObjectSiteId
lte.S1uAgwPeerStatsLogRecord,monitoredObjectSiteName
lte.S1uAgwPeerStatsLogRecord,timeCaptured
lte.S1uAgwPeerStatsLogRecord,echoRequestReceived
lte.S1uAgwPeerStatsLogRecord,echoRequestTransmitted
lte.S1uAgwPeerStatsLogRecord,echoResponseReceived
lte.S1uAgwPeerStatsLogRecord,echoResponseTransmitted
ltegw.UserRefPtStatsLogRecord,monitoredObjectPointer
ltegw.UserRefPtStatsLogRecord,monitoredObjectSiteId
ltegw.UserRefPtStatsLogRecord,monitoredObjectSiteName
ltegw.UserRefPtStatsLogRecord,timeCaptured
ltegw.UserRefPtStatsLogRecord,receivedEchoRequests
ltegw.UserRefPtStatsLogRecord,transmittedEchoRequests
ltegw.UserRefPtStatsLogRecord,receivedEchoResponse
ltegw.UserRefPtStatsLogRecord,TransmittedechoResponse
lte.S5AgwPeerStatsLogRecord,monitoredObjectPointer
lte.S5AgwPeerStatsLogRecord,monitoredObjectSiteId
lte.S5AgwPeerStatsLogRecord,monitoredObjectSiteName
lte.S5AgwPeerStatsLogRecord,timeCaptured
lte.S5AgwPeerStatsLogRecord,echoRequestReceived
lte.S5AgwPeerStatsLogRecord,echoRequestTransmitted
lte.S5AgwPeerStatsLogRecord,echoResponseReceived
lte.S5AgwPeerStatsLogRecord,echoResponseTransmitted
lte.S5AgwPeerStatsLogRecord,createBearerRequestReceived
lte.S5AgwPeerStatsLogRecord,deleteBearerCommand
lte.S5AgwPeerStatsLogRecord,deleteBearerFailure
lte.S5AgwPeerStatsLogRecord,deleteBearerRequestReceived
lte.S5AgwPeerStatsLogRecord,modifyBearerCommand
lte.S5AgwPeerStatsLogRecord,modifyBearerFailure
lte.S5AgwPeerStatsLogRecord,modifyBearerRequestReceived
lte.S5AgwPeerStatsLogRecord,noOfBearerResourceCmdPcks
lte.S5AgwPeerStatsLogRecord,noOfBearerResourceFailureIndPcks
ltegw.ControlRefPtGtpv2StatsLogRecord,monitoredObjectPointer
ltegw.ControlRefPtGtpv2StatsLogRecord,monitoredObjectSiteId
ltegw.ControlRefPtGtpv2StatsLogRecord,monitoredObjectSiteName
ltegw.ControlRefPtGtpv2StatsLogRecord,timeCaptured
ltegw.ControlRefPtGtpv2StatsLogRecord,activeBearers
ltegw.ControlRefPtGtpv2StatsLogRecord,activeBearersPeriodic
ltegw.ControlRefPtGtpv2StatsLogRecord,bearerResourceCommand
ltegw.ControlRefPtGtpv2StatsLogRecord,bearerResourceFailureIndication
ltegw.ControlRefPtGtpv2StatsLogRecord,createBearerRequest
ltegw.ControlRefPtGtpv2StatsLogRecord,createBearerResponseFailure
ltegw.S5AgwFailureCodeStatsLogRecord,monitoredObjectPointer
ltegw.S5AgwFailureCodeStatsLogRecord,monitoredObjectSiteId
ltegw.S5AgwFailureCodeStatsLogRecord,monitoredObjectSiteName
ltegw.S5AgwFailureCodeStatsLogRecord,timeCaptured
ltegw.S5AgwFailureCodeStatsLogRecord,receivedContextNotFound
ltegw.S5AgwFailureCodeStatsLogRecord,receivedNoResourceAvailable
ltegw.S5AgwFailureCodeStatsLogRecord,receivedRemotePeerNoResp
ltegw.S5AgwFailureCodeStatsLogRecord,receivedRequestRejected
ltegw.S5AgwFailureCodeStatsLogRecord,receivedUserAuthFailure
ltegw.S5AgwFailureCodeStatsLogRecord,transmittedContextNotFound
ltegw.S5AgwFailureCodeStatsLogRecord,transmittedNoResourceAvailable
ltegw.S5AgwFailureCodeStatsLogRecord,transmittedRemotePeerNoResp
ltegw.S5AgwFailureCodeStatsLogRecord,transmittedRequestRejected
ltegw.S5AgwFailureCodeStatsLogRecord,transmittedUserAuthFailure
lte.S8AgwPeerStatsLogRecord,monitoredObjectPointer
lte.S8AgwPeerStatsLogRecord,monitoredObjectSiteId
lte.S8AgwPeerStatsLogRecord,monitoredObjectSiteName
lte.S8AgwPeerStatsLogRecord,timeCaptured
lte.S8AgwPeerStatsLogRecord,echoRequestReceived
lte.S8AgwPeerStatsLogRecord,echoRequestTransmitted
lte.S8AgwPeerStatsLogRecord,echoResponseReceived
lte.S8AgwPeerStatsLogRecord,echoResponseTransmitted
lte.S8AgwPeerStatsLogRecord,createBearerRequestReceived
lte.S8AgwPeerStatsLogRecord,deleteBearerRequestReceived
lte.S8AgwPeerStatsLogRecord,modifyBearerRequestReceived
lte.S8AgwPeerStatsLogRecord,updateBearerRequest
ltegw.S8AgwFailureCodeStatsLogRecord,monitoredObjectPointer
ltegw.S8AgwFailureCodeStatsLogRecord,monitoredObjectSiteId
ltegw.S8AgwFailureCodeStatsLogRecord,monitoredObjectSiteName
ltegw.S8AgwFailureCodeStatsLogRecord,timeCaptured
ltegw.S8AgwFailureCodeStatsLogRecord,receivedContextNotFound
ltegw.S8AgwFailureCodeStatsLogRecord,receivedNoResourceAvailable
ltegw.S8AgwFailureCodeStatsLogRecord,receivedRemotePeerNoResp
ltegw.S8AgwFailureCodeStatsLogRecord,receivedRequestRejected
ltegw.S8AgwFailureCodeStatsLogRecord,receivedUserAuthFailure
ltegw.S8AgwFailureCodeStatsLogRecord,transmittedContextNotFound
ltegw.S8AgwFailureCodeStatsLogRecord,transmittedNoResourceAvailable
ltegw.S8AgwFailureCodeStatsLogRecord,transmittedRemotePeerNoResp
ltegw.S8AgwFailureCodeStatsLogRecord,transmittedRequestRejected
ltegw.S8AgwFailureCodeStatsLogRecord,transmittedUserAuthFailure
lte.S11AgwPeerStatsLogRecord,monitoredObjectPointer
lte.S11AgwPeerStatsLogRecord,monitoredObjectSiteId
lte.S11AgwPeerStatsLogRecord,monitoredObjectSiteName
lte.S11AgwPeerStatsLogRecord,timeCaptured
lte.S11AgwPeerStatsLogRecord,echoRequestReceived
lte.S11AgwPeerStatsLogRecord,echoRequestTransmitted
lte.S11AgwPeerStatsLogRecord,echoResponseReceived
lte.S11AgwPeerStatsLogRecord,echoResponseTransmitted
lte.S11AgwPeerStatsLogRecord,createBearerRequestReceived
lte.S11AgwPeerStatsLogRecord,numberOfDelBearerFailMsgRecd
lte.S11AgwPeerStatsLogRecord,deleteBearerRequestReceived
lte.S11AgwPeerStatsLogRecord,numberOfModifyBearerFailMsgRecd
lte.S11AgwPeerStatsLogRecord,modifyBearerRequestReceived
lte.S11AgwPeerStatsLogRecord,numberOfBearerCommandMsgRecd
lte.S11AgwPeerStatsLogRecord,numberOfBearerResourceCmdPackets
ltegw.S11FailureCodeStatsLogRecord,monitoredObjectPointer
ltegw.S11FailureCodeStatsLogRecord,monitoredObjectSiteId
ltegw.S11FailureCodeStatsLogRecord,monitoredObjectSiteName
ltegw.S11FailureCodeStatsLogRecord,timeCaptured
ltegw.S11FailureCodeStatsLogRecord,receivedContextNotFound
ltegw.S11FailureCodeStatsLogRecord,receivedNoResourceAvailable
ltegw.S11FailureCodeStatsLogRecord,receivedRemotePeerNoResp
ltegw.S11FailureCodeStatsLogRecord,receivedRequestRejected
ltegw.S11FailureCodeStatsLogRecord,receivedUserAuthFailure
ltegw.S11FailureCodeStatsLogRecord,transmittedContextNotFound
ltegw.S11FailureCodeStatsLogRecord,transmittedNoResourceAvailable
ltegw.S11FailureCodeStatsLogRecord,transmittedRemotePeerNoResp
ltegw.S11FailureCodeStatsLogRecord,transmittedRequestRejected
ltegw.S11FailureCodeStatsLogRecord,transmittedUserAuthFailure
ltemme.MAFConnectionLogRecord,monitoredObjectPointer
ltemme.MAFConnectionLogRecord,monitoredObjectSiteId
ltemme.MAFConnectionLogRecord,monitoredObjectSiteName
ltemme.MAFConnectionLogRecord,timeCaptured
ltemme.MAFConnectionLogRecord,maxNbrOfConnectedUE
ltemme.MAFConnectionLogRecord,maxNbrOfDeRegisteredUE
ltemme.MAFConnectionLogRecord,maxNbrOfIdleUE
ltemme.MAFConnectionLogRecord,maxNbrOfRegIdleUE
ltemme.MAFConnectionLogRecord,maxNbrOfRegisteredUE
ltemme.MAFConnectionLogRecord,maxNumOfDedicatedBearers
ltemme.MAFConnectionLogRecord,maxNumOfDefaultBearers
I:equipment.FlashMemory,administrativeState
I:equipment.FlashMemory,displayedName
I:equipment.FlashMemory,objectFullName
I:equipment.FlashMemory,siteId
I:equipment.FlashMemory,siteName
I:equipment.FlashMemory,operationalState
I:equipment.FlashMemory,equipmentState
I:equipment.FlashMemory,shelfId
I:equipment.FlashMemory,deploymentState
I:equipment.FlashMemory,name
I:equipment.FlashMemory,slotName
I:equipment.FlashMemory,slotId
I:equipment.FlashMemory,cardId
I:equipment.FlashMemory,flashId
I:equipment.FlashMemory,deviceState
I:equipment.FlashMemory,flashModelNumber
I:equipment.FlashMemory,flashSerialNumber
I:equipment.FlashMemory,flashFirmwareRevision
ethernetequipment.EthernetPortSpecifics,deploymentState
ethernetequipment.EthernetPortSpecifics,displayedName
ethernetequipment.EthernetPortSpecifics,operationalState
ethernetequipment.EthernetPortSpecifics,objectFullName
ethernetequipment.EthernetPortSpecifics,portId
ethernetequipment.EthernetPortSpecifics,snmpPortId
ethernetequipment.EthernetPortSpecifics,siteId
ethernetequipment.EthernetPortSpecifics,siteName
ethernetequipment.EthernetPortSpecifics,name
ethernetequipment.EthernetPortSpecifics,codeType
ethernetequipment.EthernetPortSpecifics,autoNegotiate
ethernetequipment.EthernetPortSpecifics,broadcastFrameRate
ethernetequipment.EthernetPortSpecifics,broadcastLimit
ethernetequipment.EthernetPortSpecifics,broadcastLimitInPkt
ethernetequipment.EthernetPortSpecifics,broadcastLimitType
l2tp.Site,administrativeState
l2tp.Site,displayedName
l2tp.Site,serviceId
l2tp.Site,objectFullName
l2tp.Site,serviceType
l2tp.Site,subscriberId
l2tp.Site,siteId
l2tp.Site,siteName
l2tp.Site,routerId
l2tp.Site,routerName
l2tp.Site,operationalState
l2tp.Site,localAddress
l2tp.Site,localAddressType
l2tp.Site,localName
nat.NatPool,adminState
nat.NatPool,description
nat.NatPool,objectFullName
nat.NatPool,displayedName
nat.NatPool,mode
nat.NatPool,natPoolType
nat.NatPool,operationalMode
nat.NatPool,routerId
nat.NatPool,name
nat.NatPool,portForwardingDynBlockReservation
nat.NatPool,portFwdRangeEnd
nat.NatPool,portReservationType
nat.NatPool,portReservationValue
nat.NatPool,routerName
M:equipment.FlashMemory,amountUsed
M:equipment.FlashMemory,capacity
M:equipment.FlashMemory,percentageUsed
M:equipment.FlashMemory,siteId
M:equipment.FlashMemory,objectFullName
l2tp.SiteStatsLogRecord,activeSessions
l2tp.SiteStatsLogRecord,activeTunnels
l2tp.SiteStatsLogRecord,attemptedSessionsPeriodic
l2tp.SiteStatsLogRecord,attemptedTunnelsPeriodic
l2tp.SiteStatsLogRecord,currentBlackListLengthPeriodic
l2tp.SiteStatsLogRecord,failedSessionsPeriodic
l2tp.SiteStatsLogRecord,failedTuAuthPeriodic
l2tp.SiteStatsLogRecord,failedTunnelsPeriodic
l2tp.SiteStatsLogRecord,totalSessionsPeriodic
l2tp.SiteStatsLogRecord,totalTunnelsPeriodic
l2tp.SiteStatsLogRecord,monitoredObjectPointer
l2tp.SiteStatsLogRecord,timeCaptured
nat.NatPoolLsnStatsLogRecord,mbrBlockUsage
nat.NatPoolLsnStatsLogRecord,monitoredObjectPointer
nat.NatPoolLsnStatsLogRecord,vrtrId
nat.NatPoolLsnStatsLogRecord,timeCaptured
nat.NatPoolLsnStatsLogRecord,monitoredObjectSiteId
nat.NatPoolLsnStatsLogRecord,monitoredObjectSiteName
nat.NatPoolL2AwStatsLogRecord,blkUsage
nat.NatPoolL2AwStatsLogRecord,monitoredObjectPointer
nat.NatPoolL2AwStatsLogRecord,vrtrId
nat.NatPoolL2AwStatsLogRecord,timeCaptured
nat.NatPoolL2AwStatsLogRecord,monitoredObjectSiteId
nat.NatPoolL2AwStatsLogRecord,monitoredObjectSiteName
service.CompleteNetworkEgressPacketOctetsLogRecord,inProfileOctetsDropped
service.CompleteNetworkEgressPacketOctetsLogRecord,inProfileOctetsForwarded
service.CompleteNetworkEgressPacketOctetsLogRecord,inProfilePktsDropped
service.CompleteNetworkEgressPacketOctetsLogRecord,inProfilePktsForwarded
service.CompleteNetworkEgressPacketOctetsLogRecord,outOfProfileOctetsDropped
service.CompleteNetworkEgressPacketOctetsLogRecord,outOfProfileOctetsForwarded
service.CompleteNetworkEgressPacketOctetsLogRecord,outOfProfilePktsDropped
service.CompleteNetworkEgressPacketOctetsLogRecord,outOfProfilePktsForwarded
service.CompleteNetworkEgressPacketOctetsLogRecord,timeRecorded
service.CompleteNetworkEgressPacketOctetsLogRecord,timeCaptured
service.CompleteNetworkEgressPacketOctetsLogRecord,monitoredObjectPointer
service.CompleteNetworkEgressPacketOctetsLogRecord,monitoredObjectSiteId
service.CompleteNetworkEgressPacketOctetsLogRecord,portId
service.CompleteNetworkEgressPacketOctetsLogRecord,queueId
service.CompleteNetworkEgressPacketOctetsLogRecord,monitoredObjectSiteName
service.CompleteNetworkIngressPacketOctetsLogRecord,inProfileOctetsDropped
service.CompleteNetworkIngressPacketOctetsLogRecord,inProfileOctetsForwarded
service.CompleteNetworkIngressPacketOctetsLogRecord,inProfilePktsDropped
service.CompleteNetworkIngressPacketOctetsLogRecord,inProfilePktsForwarded
service.CompleteNetworkIngressPacketOctetsLogRecord,outOfProfileOctetsDropped
service.CompleteNetworkIngressPacketOctetsLogRecord,outOfProfileOctetsForwarded
service.CompleteNetworkIngressPacketOctetsLogRecord,outOfProfilePktsDropped
service.CompleteNetworkIngressPacketOctetsLogRecord,outOfProfilePktsForwarded
service.CompleteNetworkIngressPacketOctetsLogRecord,timeRecorded
service.CompleteNetworkIngressPacketOctetsLogRecord,timeCaptured
service.CompleteNetworkIngressPacketOctetsLogRecord,monitoredObjectPointer
service.CompleteNetworkIngressPacketOctetsLogRecord,monitoredObjectSiteId
service.CompleteNetworkIngressPacketOctetsLogRecord,portId
service.CompleteNetworkIngressPacketOctetsLogRecord,queueId
service.CompleteNetworkIngressPacketOctetsLogRecord,monitoredObjectSiteName
equipment.DDMStatsLogRecord,monitoredObjectPointer
equipment.DDMStatsLogRecord,rxOpticalPower
equipment.DDMStatsLogRecord,supplyVoltage
equipment.DDMStatsLogRecord,temperature
equipment.DDMStatsLogRecord,txBiasCurrent
equipment.DDMStatsLogRecord,txOutputPower
equipment.DDMStatsLogRecord,timeCaptured
ethernetequipment.EthernetStatsLogRecord,undersizePacketsPeriodic
ethernetequipment.EthernetStatsLogRecord,oversizePacketsPeriodic
ethernetequipment.EthernetStatsLogRecord,monitoredObjectPointer
ethernetequipment.EthernetStatsLogRecord,timeCaptured

